cell_type,gene,score,pval_adj
Fibroblasts,VIM,144.17965698242188,0.0
Fibroblasts,LGALS1,103.20563507080078,0.0
Fibroblasts,NDUFA4L2,100.476318359375,0.0
Fibroblasts,CALD1,91.35624694824219,0.0
Fibroblasts,IGFBP7,90.49293518066406,0.0
Fibroblasts,IFITM3,90.45633697509766,0.0
Fibroblasts,TIMP1,84.88567352294922,0.0
Fibroblasts,JUNB,84.34850311279297,0.0
Fibroblasts,PTMA,84.09225463867188,0.0
Fibroblasts,BGN,83.38228607177734,0.0
Fibroblasts,FOS,83.06808471679688,0.0
Fibroblasts,FOSB,83.0308837890625,0.0
Fibroblasts,CAV1,79.85114288330078,0.0
Fibroblasts,SPARC,78.96326446533203,0.0
Fibroblasts,TMSB10,77.89756774902344,0.0
Fibroblasts,ZFP36,76.36968994140625,0.0
Fibroblasts,ID3,75.7682113647461,0.0
Fibroblasts,MGP,75.58184814453125,0.0
Fibroblasts,MALAT1,75.53102111816406,0.0
Fibroblasts,H3F3B,74.96456909179688,0.0
Fibroblasts,MYL9,74.3642349243164,0.0
Fibroblasts,EGR1,74.10272216796875,0.0
Fibroblasts,RPS2,72.81584167480469,0.0
Fibroblasts,CRIP2,71.97595977783203,0.0
Fibroblasts,RPS8,71.37638854980469,0.0
Fibroblasts,JUN,70.81238555908203,0.0
Fibroblasts,RPS19,69.84027099609375,0.0
Fibroblasts,LMNA,69.72947692871094,0.0
Fibroblasts,TPM1,69.4381103515625,0.0
Fibroblasts,IGFBP4,69.36099243164062,0.0
Fibroblasts,RGS5,69.29003143310547,0.0
Fibroblasts,ACTG1,69.2322769165039,0.0
Fibroblasts,RPL10,69.20773315429688,0.0
Fibroblasts,PGF,69.17984771728516,0.0
Fibroblasts,EEF1A1,68.55671691894531,0.0
Fibroblasts,RPS3,68.51431274414062,0.0
Fibroblasts,RPS18,66.61479187011719,0.0
Fibroblasts,RPL23A,66.57788848876953,0.0
Fibroblasts,TSC22D1,66.2049331665039,0.0
Fibroblasts,CDKN1A,65.54351806640625,0.0
Fibroblasts,NEAT1,64.95330810546875,0.0
Fibroblasts,RPL18,64.43804168701172,0.0
Fibroblasts,RPL3,64.32762145996094,0.0
Fibroblasts,C11orf96,64.27056121826172,0.0
Fibroblasts,TAGLN2,64.06283569335938,0.0
Fibroblasts,GNB2L1,64.0376968383789,0.0
Fibroblasts,EIF1,63.841068267822266,0.0
Fibroblasts,RPL10A,63.08238220214844,0.0
Fibroblasts,MYL6,63.012901306152344,0.0
Fibroblasts,IER2,62.81691360473633,0.0
Macrophages,TYROBP,113.5667953491211,0.0
Macrophages,AIF1,107.1383285522461,0.0
Macrophages,CD68,103.36072540283203,0.0
Macrophages,HLA-DRA,102.75984954833984,0.0
Macrophages,C1QA,102.15480041503906,0.0
Macrophages,HLA-DPA1,101.90933227539062,0.0
Macrophages,FCER1G,101.74250793457031,0.0
Macrophages,C1QB,99.42534637451172,0.0
Macrophages,CST3,99.37279510498047,0.0
Macrophages,HLA-DPB1,98.55677032470703,0.0
Macrophages,MS4A7,98.54949951171875,0.0
Macrophages,HLA-DRB1,98.02874755859375,0.0
Macrophages,C1QC,97.63844299316406,0.0
Macrophages,CD74,96.67369079589844,0.0
Macrophages,GPX1,95.93311309814453,0.0
Macrophages,MS4A6A,94.54537200927734,0.0
Macrophages,NPC2,94.47647857666016,0.0
Macrophages,HLA-DQA1,92.10697937011719,0.0
Macrophages,LST1,91.74034118652344,0.0
Macrophages,SAT1,89.84657287597656,0.0
Macrophages,FTL,89.3023681640625,0.0
Macrophages,LAPTM5,89.13688659667969,0.0
Macrophages,HLA-DQB1,88.58499145507812,0.0
Macrophages,RGS1,85.84984588623047,0.0
Macrophages,HLA-DMA,85.55093383789062,0.0
Macrophages,C1orf162,83.9412841796875,0.0
Macrophages,CTSS,83.10565948486328,0.0
Macrophages,PSAP,81.48391723632812,0.0
Macrophages,FCGR3A,80.08393859863281,0.0
Macrophages,SRGN,79.22183227539062,0.0
Macrophages,RNASET2,78.52489471435547,0.0
Macrophages,RGS10,78.39507293701172,0.0
Macrophages,CTSB,77.37522888183594,0.0
Macrophages,CYBA,76.4386215209961,0.0
Macrophages,HLA-DMB,76.35501861572266,0.0
Macrophages,APOC1,76.02201080322266,0.0
Macrophages,MAFB,73.62432098388672,0.0
Macrophages,CCL3L3,73.37554168701172,0.0
Macrophages,HLA-DRB5,72.97950744628906,0.0
Macrophages,CCL3,72.88805389404297,0.0
Macrophages,APOE,72.8259048461914,0.0
Macrophages,LYZ,72.56166076660156,0.0
Macrophages,FCGR2A,72.43175506591797,0.0
Macrophages,GPR34,72.29896545410156,0.0
Macrophages,IER3,71.41620635986328,0.0
Macrophages,FTH1,70.18281555175781,0.0
Macrophages,PLAUR,69.9344711303711,0.0
Macrophages,CD14,69.87187957763672,0.0
Macrophages,SPI1,69.56102752685547,0.0
Macrophages,FAM26F,69.21356201171875,0.0
CD8+ T cells,NKG7,85.32282257080078,0.0
CD8+ T cells,CCL5,68.58609771728516,0.0
CD8+ T cells,CST7,56.26218032836914,0.0
CD8+ T cells,GNLY,54.2534294128418,0.0
CD8+ T cells,GZMB,49.82380676269531,0.0
CD8+ T cells,GZMA,49.527889251708984,0.0
CD8+ T cells,HCST,48.37324905395508,0.0
CD8+ T cells,CD52,45.14085006713867,0.0
CD8+ T cells,GZMH,44.58888626098633,0.0
CD8+ T cells,KLRB1,44.22586441040039,0.0
CD8+ T cells,KLRD1,41.52046585083008,0.0
CD8+ T cells,CD3D,40.03801345825195,0.0
CD8+ T cells,CCL4,39.843605041503906,0.0
CD8+ T cells,S100A4,39.199729919433594,0.0
CD8+ T cells,CXCR4,37.5535888671875,1.8194090182284017e-305
CD8+ T cells,TRBC2,36.43743133544922,1.4188809705608087e-287
CD8+ T cells,CD3E,35.4107666015625,1.1749415216749702e-271
CD8+ T cells,CMC1,35.36383056640625,5.923653156719882e-271
CD8+ T cells,CD7,35.28233337402344,9.718561582695399e-270
CD8+ T cells,CTSW,34.41209030151367,1.3652946015581235e-256
CD8+ T cells,FGFBP2,33.97280502319336,4.4485061578852436e-250
CD8+ T cells,PTPRC,33.258548736572266,1.1349347264476194e-239
CD8+ T cells,CORO1A,32.69076919555664,1.5107168520940853e-231
CD8+ T cells,TRBC1,32.56296920776367,9.50628513055427e-230
CD8+ T cells,RAC2,32.42665481567383,7.76530587434555e-228
CD8+ T cells,PRF1,30.5833683013916,1.10134270319977e-202
CD8+ T cells,SH3BGRL3,30.532073974609375,5.1633503064422245e-202
CD8+ T cells,CD48,30.219331741333008,6.502887356948789e-198
CD8+ T cells,CD2,29.648157119750977,1.6897004072398212e-190
CD8+ T cells,SRGN,28.881290435791016,8.580038789468553e-181
CD8+ T cells,GZMM,28.864816665649414,1.3557408314423575e-180
CD8+ T cells,DUSP2,26.340328216552734,2.0979449054668643e-150
CD8+ T cells,ISG20,26.31745719909668,3.7803429197412194e-150
CD8+ T cells,HOPX,25.91619873046875,1.2760330239129946e-145
CD8+ T cells,IL2RG,25.66454315185547,8.062897275173539e-143
CD8+ T cells,CD3G,25.562532424926758,1.090359161565159e-141
CD8+ T cells,PLAC8,25.550857543945312,1.4522169335218697e-141
CD8+ T cells,PPP2R5C,25.050596237182617,4.382595939169679e-136
CD8+ T cells,CD53,25.02051544189453,9.108596765916453e-136
CD8+ T cells,CYTIP,24.224916458129883,2.668425248090462e-127
CD8+ T cells,TRAC,24.21698760986328,3.2027488818596152e-127
CD8+ T cells,LSP1,23.981908798217773,8.899389418202245e-125
CD8+ T cells,ITGB2,23.90017318725586,6.146961278317484e-124
CD8+ T cells,CD37,23.812286376953125,4.931675518177113e-123
CD8+ T cells,CD69,23.379783630371094,1.2574089850893888e-118
CD8+ T cells,CD247,23.30288314819336,7.470380863869993e-118
CD8+ T cells,ARHGDIB,23.016084671020508,5.486230096918546e-115
CD8+ T cells,PTPN7,22.890230178833008,9.689737702487467e-114
CD8+ T cells,RUNX3,22.256853103637695,1.4599985792404028e-107
CD8+ T cells,ARL4C,22.056154251098633,1.1848526632289728e-105
CD4+ T cells,IL7R,47.716453552246094,0.0
CD4+ T cells,CD52,39.97196960449219,0.0
CD4+ T cells,CD3D,36.98520278930664,1.4635181759659139e-295
CD4+ T cells,TRAC,35.889591217041016,2.4604729938717288e-278
CD4+ T cells,CD3E,34.18021011352539,2.1100821709660333e-252
CD4+ T cells,CXCR4,33.82667922973633,2.9540778423127145e-247
CD4+ T cells,LTB,29.027462005615234,4.379405792208417e-182
CD4+ T cells,TRBC2,28.461822509765625,3.856764727133403e-175
CD4+ T cells,CD2,27.169666290283203,1.217761175779625e-159
CD4+ T cells,S100A4,25.91090202331543,3.2725878733203096e-145
CD4+ T cells,CD48,25.585046768188477,1.3782605184761713e-141
CD4+ T cells,CD3G,22.751394271850586,4.531908147039037e-112
CD4+ T cells,CD69,21.996326446533203,8.990505894536984e-105
CD4+ T cells,HCST,21.568845748901367,9.190493155535902e-101
CD4+ T cells,PTPRC,21.12630271911621,1.086686904960116e-96
CD4+ T cells,KLRB1,21.055587768554688,4.7932909126045445e-96
CD4+ T cells,CYTIP,20.66971778869629,1.4104199542554349e-92
CD4+ T cells,CORO1A,19.813385009765625,4.25143485729751e-85
CD4+ T cells,CD37,18.955421447753906,5.966982854892405e-78
CD4+ T cells,TRBC1,18.59430694580078,4.919852076649954e-75
CD4+ T cells,CD7,18.1497802734375,1.6713175932547271e-71
CD4+ T cells,RAC2,18.086257934570312,5.2401390243387925e-71
CD4+ T cells,SRGN,17.499969482421875,1.6638083577812388e-66
CD4+ T cells,CCL5,17.33382225036621,2.926376471835442e-65
CD4+ T cells,ACAP1,17.223329544067383,1.9672521038293437e-64
CD4+ T cells,STK4,16.831878662109375,1.4762972106175682e-61
CD4+ T cells,ISG20,16.268198013305664,1.5459832922004962e-57
CD4+ T cells,FXYD5,16.243846893310547,2.2621679603834542e-57
CD4+ T cells,LAPTM5,16.216772079467773,3.501806371433139e-57
CD4+ T cells,IL2RG,16.053871154785156,4.781683464976201e-56
CD4+ T cells,CD44,15.930929183959961,3.3476198653218866e-55
CD4+ T cells,TUBA4A,15.333020210266113,3.529319811320728e-51
CD4+ T cells,RPS4Y1,15.305604934692383,5.343894336675262e-51
CD4+ T cells,ARHGDIB,15.263068199157715,1.0196149341101547e-50
CD4+ T cells,CD53,14.808001518249512,8.789813888254546e-48
CD4+ T cells,LCK,14.379703521728516,4.395247506951475e-45
CD4+ T cells,RGS1,13.980640411376953,1.148512929786312e-42
CD4+ T cells,GPSM3,13.892607688903809,3.853837653100526e-42
CD4+ T cells,MALAT1,13.879707336425781,4.5914083264298215e-42
CD4+ T cells,EVL,13.658731460571289,9.275595846384857e-41
CD4+ T cells,RHOH,12.965649604797363,8.70404304115382e-37
CD4+ T cells,CD27,12.704751968383789,2.4427824384957723e-35
CD4+ T cells,IL32,12.39123821258545,1.203432462196367e-33
CD4+ T cells,FYB,12.211130142211914,1.090736142027178e-32
CD4+ T cells,STK17B,12.00445556640625,1.3025627658620853e-31
CD4+ T cells,GMFG,11.91533374786377,3.744453087988826e-31
CD4+ T cells,PPP2R5C,11.763707160949707,2.1819798656972652e-30
CD4+ T cells,SPOCK2,11.750463485717773,2.539947508041956e-30
CD4+ T cells,HSP90AA1,11.644796371459961,8.679107541185645e-30
CD4+ T cells,CLEC2D,11.505237579345703,4.2936345628824773e-29
B cells,MT1G,83.74199676513672,0.0
B cells,ALDOB,82.60709381103516,0.0
B cells,HPD,81.8637924194336,0.0
B cells,SUCLG1,80.53778076171875,0.0
B cells,MT1H,79.08086395263672,0.0
B cells,MIOX,79.00007629394531,0.0
B cells,GPX3,75.9701919555664,0.0
B cells,FABP1,74.67585754394531,0.0
B cells,GATM,72.01274108886719,0.0
B cells,MT1F,70.66133880615234,0.0
B cells,ASS1,70.57188415527344,0.0
B cells,GSTA1,68.70968627929688,0.0
B cells,FXYD2,66.56902313232422,0.0
B cells,ALB,65.59957885742188,0.0
B cells,DCXR,64.72966766357422,0.0
B cells,PDZK1IP1,63.9979248046875,0.0
B cells,PCSK1N,62.794456481933594,0.0
B cells,MT1X,62.159996032714844,0.0
B cells,PRAP1,62.13565444946289,0.0
B cells,RBP5,60.922019958496094,0.0
B cells,SMIM24,58.14262390136719,0.0
B cells,APOE,56.53348922729492,0.0
B cells,ECHS1,54.156314849853516,0.0
B cells,GSTA2,52.24665451049805,0.0
B cells,MT-ND4L,51.36792755126953,0.0
B cells,GLYAT,50.378116607666016,0.0
B cells,FBP1,50.14067077636719,0.0
B cells,MT1E,49.360084533691406,0.0
B cells,ADI1,48.84255599975586,0.0
B cells,PCK1,46.771942138671875,0.0
B cells,RAB11FIP3,46.3746452331543,0.0
B cells,LGALS2,46.210880279541016,0.0
B cells,NAT8,45.46338653564453,0.0
B cells,RP11-626P14.1,44.436466217041016,0.0
B cells,CXCL14,44.17143630981445,0.0
B cells,APOM,44.14579391479492,0.0
B cells,KHK,43.204341888427734,0.0
B cells,PRODH2,41.51417922973633,0.0
B cells,DPEP1,40.14458465576172,0.0
B cells,UGT2B7,39.88639450073242,0.0
B cells,C11orf54,39.830326080322266,0.0
B cells,SAT2,39.56585693359375,0.0
B cells,NDUFB1,39.395626068115234,0.0
B cells,UQCRQ,39.315338134765625,0.0
B cells,CYB5A,38.456695556640625,0.0
B cells,HRSP12,37.38120651245117,5.072148168669286e-304
B cells,DHRS4L2,36.04102325439453,1.1064527166152677e-282
B cells,ACAA1,36.03131103515625,1.5662989862152672e-282
B cells,ATP5I,35.52976608276367,9.505131665522674e-275
B cells,ASPDH,35.0604248046875,1.4696744010316765e-267
Epithelial,FXYD2,106.48114776611328,0.0
Epithelial,PDZK1IP1,104.97566986083984,0.0
Epithelial,GPX3,102.80193328857422,0.0
Epithelial,SMIM24,96.0751953125,0.0
Epithelial,RBP5,94.56656646728516,0.0
Epithelial,SUCLG1,94.43351745605469,0.0
Epithelial,CYB5A,94.18457794189453,0.0
Epithelial,PEBP1,94.1086654663086,0.0
Epithelial,MT1G,94.0859375,0.0
Epithelial,GATM,93.39916229248047,0.0
Epithelial,MT1F,93.22320556640625,0.0
Epithelial,CXCL14,92.64840698242188,0.0
Epithelial,UQCRQ,92.04398345947266,0.0
Epithelial,PCSK1N,90.93428802490234,0.0
Epithelial,COX7C,90.92933654785156,0.0
Epithelial,ATP5I,88.4811782836914,0.0
Epithelial,GSTA1,87.12833404541016,0.0
Epithelial,MIOX,86.49957275390625,0.0
Epithelial,MIF,85.08769989013672,0.0
Epithelial,ECHS1,84.57747650146484,0.0
Epithelial,USMG5,83.67561340332031,0.0
Epithelial,LAMTOR5,83.25403594970703,0.0
Epithelial,ADI1,83.15074157714844,0.0
Epithelial,TXN,82.53468322753906,0.0
Epithelial,MT1X,82.23811340332031,0.0
Epithelial,NDUFA4,81.73209381103516,0.0
Epithelial,MT1E,80.77044677734375,0.0
Epithelial,NDUFC1,80.47567749023438,0.0
Epithelial,LDHB,80.02339172363281,0.0
Epithelial,LGALS2,79.93209838867188,0.0
Epithelial,COX7B,79.88330078125,0.0
Epithelial,PRAP1,79.61463928222656,0.0
Epithelial,ALDOB,79.45963287353516,0.0
Epithelial,GLYAT,79.1304931640625,0.0
Epithelial,NDUFB1,78.7369384765625,0.0
Epithelial,DCXR,78.72053527832031,0.0
Epithelial,MGST1,78.2835693359375,0.0
Epithelial,C11orf54,78.17108154296875,0.0
Epithelial,SOD1,77.28575134277344,0.0
Epithelial,KHK,76.91171264648438,0.0
Epithelial,UGT2B7,76.89578247070312,0.0
Epithelial,HPD,76.8112564086914,0.0
Epithelial,NAT8,76.7514877319336,0.0
Epithelial,MT1H,76.62220001220703,0.0
Epithelial,ASS1,76.31554412841797,0.0
Epithelial,ATP5D,76.12997436523438,0.0
Epithelial,OCIAD2,75.93972778320312,0.0
Epithelial,PPDPF,74.3649673461914,0.0
Epithelial,NDUFA3,74.17666625976562,0.0
Epithelial,ATPIF1,73.96627807617188,0.0
Endothelial,VWF,82.9742431640625,0.0
Endothelial,PECAM1,82.7085952758789,0.0
Endothelial,FLT1,82.57588958740234,0.0
Endothelial,IFI27,82.15545654296875,0.0
Endothelial,RAMP2,80.85807800292969,0.0
Endothelial,SLC9A3R2,78.6423568725586,0.0
Endothelial,PLVAP,78.34983825683594,0.0
Endothelial,EPAS1,77.34868621826172,0.0
Endothelial,SPARC,76.16256713867188,0.0
Endothelial,TIMP3,76.13394927978516,0.0
Endothelial,SPRY1,75.96104431152344,0.0
Endothelial,HSPG2,75.61760711669922,0.0
Endothelial,SDPR,74.43709564208984,0.0
Endothelial,PLPP1,74.4111328125,0.0
Endothelial,GNG11,73.84734344482422,0.0
Endothelial,TGFBR2,73.62158203125,0.0
Endothelial,RAMP3,73.4693603515625,0.0
Endothelial,SOCS3,72.86421203613281,0.0
Endothelial,TM4SF1,72.7312240600586,0.0
Endothelial,RNASE1,71.75608825683594,0.0
Endothelial,APP,70.47394561767578,0.0
Endothelial,TCF4,69.18952941894531,0.0
Endothelial,SPARCL1,69.0608901977539,0.0
Endothelial,ENG,68.97071838378906,0.0
Endothelial,PCAT19,68.61214447021484,0.0
Endothelial,APOLD1,66.99317932128906,0.0
Endothelial,LDB2,65.54449462890625,0.0
Endothelial,RGCC,65.36788940429688,0.0
Endothelial,EGFL7,64.70115661621094,0.0
Endothelial,GSN,64.69459533691406,0.0
Endothelial,HLA-E,63.7517204284668,0.0
Endothelial,CD34,63.30387878417969,0.0
Endothelial,SEC14L1,63.115211486816406,0.0
Endothelial,EMCN,62.13255310058594,0.0
Endothelial,EMP1,61.22552490234375,0.0
Endothelial,VAMP5,61.19406509399414,0.0
Endothelial,PODXL,61.04146194458008,0.0
Endothelial,A2M,60.876468658447266,0.0
Endothelial,FKBP1A,60.094703674316406,0.0
Endothelial,IGFBP4,59.84278869628906,0.0
Endothelial,SPTBN1,59.66862487792969,0.0
Endothelial,MGP,58.863990783691406,0.0
Endothelial,ADGRL4,58.71889877319336,0.0
Endothelial,RBP7,58.62681579589844,0.0
Endothelial,INSR,58.60984420776367,0.0
Endothelial,NPDC1,58.513938903808594,0.0
Endothelial,PLPP3,57.99491882324219,0.0
Endothelial,HES1,57.83906555175781,0.0
Endothelial,IGFBP7,57.83692932128906,0.0
Endothelial,AQP1,57.29440689086914,0.0
