gene,chrom,start,end,MCF7_WT,MCF7_D538G,T47D_WT,T47D_D538G,MCF7_change,T47D_change,pattern
HSP90B1,chr12,104324167,104351483,0,0,0,0,0,0,No change
HSPA5,chr9,125234853,125241501,0,0,0,0,0,0,No change
XBP1,chr22,28794555,28800589,0,1,0,1,1,1,Both GAIN
ATF6,chr1,161731994,161929519,0,0,0,1,0,1,No change
ATF4,chr22,39241531,39244162,0,0,0,0,0,0,No change
CALR,chr19,12938609,12944489,0,0,0,0,0,0,No change
CANX,chr5,179805071,179856631,0,0,0,0,0,0,No change
PDIA4,chr7,149174851,149199577,0,0,0,0,0,0,No change
MDK,chr11,46402488,46406780,0,0,0,0,0,0,No change
