gene,chr,tss,MCF7_WT_binding,MCF7_D538G_binding,MCF7_binding_diff,T47D_WT_binding,T47D_D538G_binding,T47D_binding_diff,has_any_binding,has_differential_binding,has_opposite_binding,MCF7_FC,T47D_FC,correlation_type,total_effect
MAPK4,chr18,50559451,0.0,0.0,0.0,0.0,0.0,0.0,False,False,False,0.088245887861688,5.340248737305165,inverse_repressor,91.00710077119108
TMTC1,chr12,29784759,0.0,0.0,0.0,0.0,0.0,0.0,False,False,False,8.429087987143431,0.0264945505140295,same_as_secretion,53.88493663544545
S100A9,chr1,153357767,197.51,256.25,58.74000000000001,0.0,279.98,279.98,True,True,False,4.865376056964842,0.3147178944183936,same_as_secretion,46.90677213759025
STEAP4,chr7,88307010,104.33,0.0,-104.33,0.0,0.0,0.0,True,True,False,12.500640664240684,0.2391239007013247,same_as_secretion,45.94317069268639
SLC25A30,chr13,45418455,0.0,0.0,0.0,0.0,70.95,70.95,True,True,False,0.2573841471256484,1.2793753974422384,inverse_repressor,43.05347708859696
AMIGO2,chr12,47080902,0.0,0.0,0.0,0.0,0.0,0.0,False,False,False,7.075098814229249,0.4463761571460826,same_as_secretion,41.9912100387966
GSTM3,chr1,109741038,0.0,0.0,0.0,0.0,0.0,0.0,False,False,False,0.2486206258100351,1.6134694814134922,inverse_repressor,41.83487721148891
S100A4,chr1,153550136,0.0,0.0,0.0,0.0,0.0,0.0,False,False,False,3.7618016457340833,0.343193449334698,same_as_secretion,40.50834934929881
TSKU,chr11,76781403,3328.79,2392.11,-936.6799999999998,644.5,3243.73,2599.23,True,True,True,4.679204247425319,0.6800249385196218,same_as_secretion,38.06937242016073
MYB,chr6,135181308,549.14,0.0,-549.14,0.0,239.67,239.67,True,True,True,3.9797285977550674,0.6648931205077941,same_as_secretion,37.45756545622616
FRK,chr6,116061093,0.0,0.0,0.0,0.0,0.0,0.0,False,False,False,5.004848484848485,0.5019281217208814,same_as_secretion,34.92702836848301
LCN2,chr9,128149071,0.0,0.0,0.0,0.0,0.0,0.0,False,False,False,1.8867955619026693,0.1542644288405548,same_as_secretion,34.41277702825639
CD36,chr7,80369532,0.0,0.0,0.0,0.0,0.0,0.0,False,False,False,12.788820502472,0.1721197749804495,same_as_secretion,34.28181985347805
SLC19A2,chr1,169485944,0.0,0.0,0.0,0.0,0.0,0.0,False,False,False,2.603919967333605,0.2756220839813374,same_as_secretion,33.46910662447143
ACSL4,chrX,109733403,61.13,0.0,-61.13,0.0,0.0,0.0,True,True,False,2.9618239660657477,0.5491479484443932,same_as_secretion,32.414115699187484
S100A8,chr1,153391142,0.0,0.0,0.0,0.0,0.0,0.0,False,False,False,5.789529461636286,0.359464394400487,same_as_secretion,32.28787749650038
PHLDA1,chr12,76031776,0.0,0.0,0.0,0.0,0.0,0.0,False,False,False,0.2702173913043478,1.6580511402902558,inverse_repressor,31.97034094186644
RDH16,chr12,56959374,0.0,0.0,0.0,0.0,0.0,0.0,False,False,False,4.131717644938962,0.1667005902707103,same_as_secretion,31.52618276896777
PLXND1,chr3,129606681,0.0,0.0,0.0,0.0,0.0,0.0,False,False,False,1.8476624486308335,0.5891205211726384,same_as_secretion,31.20668311818075
ID1,chr20,31573014,50.68,0.0,-50.68,0.0,0.0,0.0,True,True,False,0.3970980392156862,1.5751845849090584,inverse_repressor,30.41671312566563
SLITRK6,chr13,85806683,0.0,0.0,0.0,0.0,0.0,0.0,False,False,False,28.92944038929441,0.7166972477064221,same_as_secretion,30.131891218963915
XK,chrX,37685791,0.0,0.0,0.0,0.0,0.0,0.0,False,False,False,3.504849580798948,0.2753886815920398,same_as_secretion,29.798452979772552
CLCA2,chr1,86424171,0.0,65.18,65.18,0.0,0.0,0.0,True,True,False,42.006292006292014,0.5223647779121008,same_as_secretion,29.569236562475343
SAA2,chr11,18248668,0.0,0.0,0.0,0.0,0.0,0.0,False,False,False,4.378700499807766,0.1121212121212121,same_as_secretion,29.517592444322943
LRG1,chr19,4540067,1148.98,283.65,-865.33,0.0,288.73,288.73,True,True,True,2.9129984464008287,0.1135533856930588,same_as_secretion,28.866552860866832
SLC16A1,chr1,112957593,0.0,0.0,0.0,0.0,0.0,0.0,False,False,False,4.270715009363584,0.101934347575233,same_as_secretion,28.61396747942986
VAV3,chr1,107965180,0.0,0.0,0.0,0.0,0.0,0.0,False,False,False,3.679114147720579,0.7052956010086859,same_as_secretion,27.89265501419234
SEMA3C,chr7,80922379,0.0,0.0,0.0,0.0,154.46,154.46,True,True,False,1.534436292858212,0.4078197551709582,same_as_secretion,27.3684014001311
EHF,chr11,34617044,0.0,0.0,0.0,0.0,58.82,58.82,True,True,False,1.2238549618320609,0.5055846594840369,same_as_secretion,27.364566130274508
CRIM1,chr2,36355731,61.35,0.0,-61.35,0.0,0.0,0.0,True,True,False,0.2726331734410502,1.7847807337623562,inverse_repressor,27.206785243584115
SPTSSA,chr14,34462240,0.0,0.0,0.0,0.0,0.0,0.0,False,False,False,3.374937841869716,0.4768041237113401,same_as_secretion,27.19380350602369
NFKBIZ,chr3,101827991,0.0,0.0,0.0,0.0,0.0,0.0,False,False,False,1.7725458898643254,0.5394243292524095,same_as_secretion,26.821337824306998
ADORA2A,chr22,24417879,0.0,0.0,0.0,0.0,0.0,0.0,False,False,False,6.749013202667756,0.327569997956264,same_as_secretion,26.162815283055625
PARD6B,chr20,50731382,1417.52,0.0,-1417.52,1212.46,3100.0,1887.54,True,True,True,1.8875122269318552,0.7436038442401866,same_as_secretion,26.141913682471177
PARP9,chr3,122565478,0.0,0.0,0.0,0.0,0.0,0.0,False,False,False,5.151010521535084,0.5460754467240237,same_as_secretion,25.69375210043211
ITPRID2,chr2,181891730,0.0,0.0,0.0,0.0,0.0,0.0,False,False,False,2.27656021707368,0.684868895838345,same_as_secretion,25.623087663737888
ADD3,chr10,109996356,0.0,0.0,0.0,0.0,0.0,0.0,False,False,False,2.6343603205305333,0.6754613807245385,same_as_secretion,24.810910302027217
PODXL,chr7,131558217,0.0,0.0,0.0,0.0,0.0,0.0,False,False,False,2.1819763395963814,0.7236250432376339,same_as_secretion,24.629204899763057
RHOBTB1,chr10,61001441,0.0,0.0,0.0,0.0,0.0,0.0,False,False,False,7.542458382377669,0.5830956997832782,same_as_secretion,24.382664437704733
C1orf226,chr1,162378841,0.0,0.0,0.0,0.0,52.61,52.61,True,True,False,4.882913875309313,0.6321696725752767,same_as_secretion,24.20201550971715
BTN3A3,chr6,26440452,0.0,0.0,0.0,0.0,0.0,0.0,False,False,False,5.366467266730028,0.4823506594259116,same_as_secretion,23.963839409851253
EGF,chr4,109912883,0.0,0.0,0.0,0.0,0.0,0.0,False,False,False,3.4786981421986307,0.3880311911241365,same_as_secretion,23.783527208383493
HSD17B6,chr12,56751817,0.0,0.0,0.0,0.0,0.0,0.0,False,False,False,2.512504712831469,0.2816849624455066,same_as_secretion,23.585756440541225
NAALADL2,chr3,174438573,0.0,0.0,0.0,0.0,172.79,172.79,True,True,False,2.5138129622591867,0.5351015833788327,same_as_secretion,23.45044295480728
TNFRSF12A,chr16,3018445,0.0,0.0,0.0,0.0,0.0,0.0,False,False,False,0.4995376985794738,1.7153516135049434,inverse_repressor,23.410089401596743
F7,chr13,113105762,111.01,0.0,-111.01,0.0,0.0,0.0,True,True,False,2.139531736364867,0.2100273094276894,same_as_secretion,23.188379942416887
GTF2E1,chr3,120742370,0.0,0.0,0.0,0.0,66.71,66.71,True,True,False,1.5715419201269505,0.7027195349802783,same_as_secretion,23.14224759952437
CLIC3,chr9,136996568,1115.39,705.77,-409.6200000000001,0.0,388.18,388.18,True,True,True,0.4867508555161866,1.3626574192370866,inverse_repressor,23.122308362410337
PRKG1,chr10,50990888,0.0,0.0,0.0,0.0,0.0,0.0,False,False,False,0.3130169867060561,2.6844859284401075,inverse_repressor,23.0995427289988
NR5A2,chr1,200027597,0.0,0.0,0.0,0.0,0.0,0.0,False,False,False,3.577699657472508,0.6872837968728379,same_as_secretion,22.752334205826536
LHFPL6,chr13,39603735,0.0,0.0,0.0,0.0,0.0,0.0,False,False,False,0.3637748263677349,1.665845755022683,inverse_repressor,22.58764226610183
DOCK10,chr2,225042468,0.0,0.0,0.0,0.0,0.0,0.0,False,False,False,2.771700105596621,0.2583902190524706,same_as_secretion,22.574244463775763
HMGA1,chr6,34235618,0.0,0.0,0.0,0.0,0.0,0.0,False,False,False,1.608984481350395,0.6402565367538234,same_as_secretion,22.537410626517456
SIX4,chr14,60724351,0.0,0.0,0.0,0.0,0.0,0.0,False,False,False,1.31189861534851,0.5347579622585216,same_as_secretion,22.215650405382227
NREP,chr5,111997464,0.0,0.0,0.0,0.0,0.0,0.0,False,False,False,2.3818559916818303,0.6638295826120408,same_as_secretion,22.047706384911063
ARMCX2,chrX,101659924,0.0,0.0,0.0,0.0,0.0,0.0,False,False,False,3.0366697905015267,0.5962556088503791,same_as_secretion,21.795118838722946
CHI3L2,chr1,111200771,52.71,0.0,-52.71,0.0,69.35,69.35,True,True,True,18.17059592389989,0.4255599820594676,same_as_secretion,21.76766169394579
MAFB,chr20,40689236,0.0,0.0,0.0,0.0,0.0,0.0,False,False,False,1.334772500830289,0.3132928496486821,same_as_secretion,21.723113763839983
SLPI,chr20,45254564,0.0,0.0,0.0,0.0,0.0,0.0,False,False,False,19.571780408357828,0.2525872817955112,same_as_secretion,21.68523012986059
DENND11,chr7,141702166,66.17,0.0,-66.17,0.0,187.92000000000002,187.92000000000002,True,True,True,1.4971368502586515,0.6964326289479664,same_as_secretion,21.46810202517653
TIPARP,chr3,156673235,332.75,69.33,-263.42,50.14,592.55,542.41,True,True,True,2.258196616416268,0.64510815855935,same_as_secretion,21.44480262738002
TM4SF1,chr3,149377692,0.0,0.0,0.0,0.0,0.0,0.0,False,False,False,0.0303880519704752,1.240681233933162,inverse_repressor,21.39866929264006
HIP1,chr7,75738986,0.0,0.0,0.0,0.0,0.0,0.0,False,False,False,2.1281832812647923,0.5939889825016202,same_as_secretion,21.383754261673047
PARP14,chr3,122680839,0.0,0.0,0.0,0.0,0.0,0.0,False,False,False,3.717093639575972,0.4754426273820785,same_as_secretion,21.097468123012955
ADAMTS15,chr11,130448645,0.0,0.0,0.0,0.0,0.0,0.0,False,False,False,6.590830639846863,0.3346314325452016,same_as_secretion,21.08376823885351
CD74,chr5,150412969,0.0,0.0,0.0,0.0,0.0,0.0,False,False,False,1.886322703676237,0.3774479397430217,same_as_secretion,20.99291552754205
PREX1,chr20,48828096,0.0,0.0,0.0,0.0,0.0,0.0,False,False,False,0.283542802940479,1.3772123893805308,inverse_repressor,20.951289823421146
SOWAHA,chr5,132813302,0.0,0.0,0.0,0.0,0.0,0.0,False,False,False,2.488030467899891,0.4641305932079872,same_as_secretion,20.926425117242523
CNN2,chr19,1026547,0.0,0.0,0.0,0.0,0.0,0.0,False,False,False,0.4590934335882429,1.6799452429842574,inverse_repressor,20.76406600723533
IGF2,chr11,2158391,259.97,0.0,-259.97,0.0,0.0,0.0,True,True,False,21.41109969167524,0.3420949301305001,same_as_secretion,20.707788246862517
SALL2,chr14,21537216,0.0,0.0,0.0,0.0,0.0,0.0,False,False,False,2.5763270689086712,0.5924382256623996,same_as_secretion,20.4661374448562
IFITM3,chr11,329475,0.0,0.0,0.0,0.0,74.04,74.04,True,True,False,1.8797415004214664,0.2372145432692307,same_as_secretion,20.31134168431324
PTGER4,chr5,40679915,0.0,0.0,0.0,0.0,0.0,0.0,False,False,False,0.4058743786714868,1.2097216777734223,inverse_repressor,20.29750237227617
PYCARD,chr16,31203450,0.0,0.0,0.0,0.0,0.0,0.0,False,False,False,1.6981792717086837,0.6863685792874049,same_as_secretion,20.271962387976664
PIK3C2G,chr12,18242960,0.0,0.0,0.0,0.0,0.0,0.0,False,False,False,3.002808988764045,0.3624954987396471,same_as_secretion,20.2455440287359
CTSC,chr11,88359684,0.0,0.0,0.0,0.0,0.0,0.0,False,False,False,2.4934649483593825,0.6398727232828615,same_as_secretion,19.979958180563028
STS,chrX,7147237,0.0,0.0,0.0,0.0,0.0,0.0,False,False,False,1.2134498104499754,0.2073571722153719,same_as_secretion,19.95459362712604
DSCAM-AS1,chr21,40383029,367.12,124.3,-242.82,0.0,72.62,72.62,True,True,True,2.1702168124762267,0.6592491155996805,same_as_secretion,19.953327979476093
FAT1,chr4,186726722,0.0,0.0,0.0,0.0,0.0,0.0,False,False,False,0.4737881013587954,1.439573133835745,inverse_repressor,19.793922678806577
DTX3L,chr3,122564338,0.0,0.0,0.0,0.0,0.0,0.0,False,False,False,1.9914506717329357,0.4934108032179798,same_as_secretion,19.778064900222372
MEGF9,chr9,120714470,75.6,0.0,-75.6,0.0,0.0,0.0,True,True,False,2.205826931439339,0.6577311821206605,same_as_secretion,19.512351634957703
IFI6,chr1,27672212,0.0,0.0,0.0,0.0,0.0,0.0,False,False,False,26.85901134833621,0.4007329165768485,same_as_secretion,19.50591034374556
DYRK2,chr12,67647913,0.0,0.0,0.0,0.0,0.0,0.0,False,False,False,1.252373838401742,0.6379375438218003,same_as_secretion,19.505897857843323
HSPA12A,chr10,116850251,0.0,0.0,0.0,0.0,0.0,0.0,False,False,False,2.858520618406056,0.7596981132075471,same_as_secretion,19.480856407829112
GALNT6,chr12,51392867,0.0,0.0,0.0,0.0,0.0,0.0,False,False,False,1.5848253085346775,0.7236533957845432,same_as_secretion,19.45831433694213
PLEKHF1,chr19,29665398,290.34,155.55,-134.78999999999996,0.0,242.77,242.77,True,True,True,0.4236889105374249,1.5541942996000608,inverse_repressor,19.44949878672946
HMCN1,chr1,185734391,0.0,0.0,0.0,0.0,0.0,0.0,False,False,False,0.2859316052087136,1.8451253481894152,inverse_repressor,19.382492380821443
DGAT2,chr11,75759512,0.0,0.0,0.0,0.0,78.34,78.34,True,True,False,1.7490467937608316,0.3488964198818213,same_as_secretion,19.25027579386934
SYNE1,chr6,152637801,0.0,0.0,0.0,0.0,0.0,0.0,False,False,False,3.3702677746999075,0.7436342958235928,same_as_secretion,19.18960177863068
SLC2A1,chr1,42958893,0.0,0.0,0.0,0.0,0.0,0.0,False,False,False,2.614656031904287,0.7500544069640914,same_as_secretion,19.131234653575586
CAPG,chr2,85422017,0.0,0.0,0.0,0.0,0.0,0.0,False,False,False,1.9930003526954063,0.4628384866525831,same_as_secretion,18.955116533919984
PAPSS2,chr10,87659613,178.15,62.53,-115.62,61.07,278.65,217.57999999999998,True,True,True,1.5397397397397397,0.6254646840148698,same_as_secretion,18.92441615550314
C3,chr19,6730562,0.0,0.0,0.0,0.0,821.49,821.49,True,True,False,13.321574933859004,0.4590553818669048,same_as_secretion,18.814789403937272
CD44,chr11,35138882,0.0,0.0,0.0,0.0,0.0,0.0,False,False,False,3.1134043015424724,0.423911814584511,same_as_secretion,18.81415393879344
DLL1,chr6,170306565,0.0,0.0,0.0,0.0,0.0,0.0,False,False,False,0.6870674934843175,2.1952997851702363,inverse_repressor,18.75477132232719
TMSB4X,chrX,12975107,0.0,0.0,0.0,76.29,639.89,563.6,True,True,False,0.5749955884947943,1.3622991407349871,inverse_repressor,18.68698468469335
ZNF812P,chr19,9694892,0.0,0.0,0.0,0.0,0.0,0.0,False,False,False,1.752296861949648,0.192966495168779,same_as_secretion,18.67970540184592
ASRGL1,chr11,62337439,0.0,0.0,0.0,0.0,0.0,0.0,False,False,False,2.36497637510456,0.2564455815784294,same_as_secretion,18.64952786931042
ADM,chr11,10303392,0.0,0.0,0.0,0.0,0.0,0.0,False,False,False,0.311489235043159,2.339235517431246,inverse_repressor,18.645077529617737
BRINP3,chr1,190478404,0.0,0.0,0.0,0.0,0.0,0.0,False,False,False,1.8226675015654352,0.4581795974452276,same_as_secretion,18.40278621526922
TSPAN4,chr11,840686,0.0,0.0,0.0,0.0,0.0,0.0,False,False,False,0.5315267257014831,2.17473477756976,inverse_repressor,18.29702507091108
TFF3,chr21,42315409,133.28,58.27,-75.00999999999999,0.0,59.72,59.72,True,True,True,0.6055590796378525,2.4742778318727687,inverse_repressor,18.219998308939005
SIPA1L2,chr1,232631404,0.0,0.0,0.0,0.0,0.0,0.0,False,False,False,1.6529306220095694,0.3770988961980154,same_as_secretion,18.14983800409817
HLA-A,chr6,29941260,0.0,0.0,0.0,0.0,0.0,0.0,False,False,False,2.859037889761378,0.6929181576820963,same_as_secretion,18.11505520198024
IL6R,chr1,154405193,0.0,0.0,0.0,0.0,0.0,0.0,False,False,False,2.572481572481572,0.6937957717286168,same_as_secretion,18.017980489756127
DCDC2,chr6,24360249,67.58,0.0,-67.58,0.0,314.2,314.2,True,True,True,0.5059388783868936,1.5195605374508203,inverse_repressor,17.84216083399673
EFNB2,chr13,106535662,0.0,0.0,0.0,0.0,0.0,0.0,False,False,False,2.525070907617504,0.4952550143266476,same_as_secretion,17.805728252347315
TP53I3,chr2,24085861,217.73,0.0,-217.73,0.0,183.22,183.22,True,True,True,0.7717403924300476,2.155001416831964,inverse_repressor,17.805348732043246
INS-IGF2,chr11,2161209,2255.59,555.99,-1699.6000000000001,51.88,322.33,270.45,True,True,True,21.857314736419944,0.3676231515032807,same_as_secretion,17.803075685473807
IFT25,chr1,53946588,0.0,0.0,0.0,0.0,0.0,0.0,False,False,False,0.7647010647010648,2.0456385498815552,inverse_repressor,17.750361606978018
DYRK3,chr1,206635536,0.0,0.0,0.0,0.0,0.0,0.0,False,False,False,2.42355577689243,0.7524424834541444,same_as_secretion,17.624408417491615
BTN3A2,chr6,26365159,0.0,0.0,0.0,0.0,0.0,0.0,False,False,False,5.483473303027968,0.7322166815837702,same_as_secretion,17.57588614549005
ZNF618,chr9,113876052,77.86,0.0,-77.86,0.0,0.0,0.0,True,True,False,1.8364568316514496,0.2316937632038211,same_as_secretion,17.537933756422152
DYNLT3,chrX,37847571,0.0,0.0,0.0,0.0,0.0,0.0,False,False,False,2.181682957926052,0.6245701689933874,same_as_secretion,17.532211030885207
EFEMP1,chr2,55924271,0.0,0.0,0.0,0.0,0.0,0.0,False,False,False,0.3498888498888499,1.2260402455661663,inverse_repressor,17.447896013360896
HSP90B1,chr12,103930107,125.85,147.39,21.539999999999992,0.0,302.54,302.54,True,True,False,1.571171651235596,0.6845531894890237,same_as_secretion,17.447484142685894
GPNMB,chr7,23235967,0.0,0.0,0.0,0.0,0.0,0.0,False,False,False,2.7896999325691163,0.5972960087181584,same_as_secretion,17.42908689620823
ETHE1,chr19,43527257,0.0,0.0,0.0,0.0,0.0,0.0,False,False,False,0.569284064665127,1.8687093461143445,inverse_repressor,17.4186181085908
BBX,chr3,107522936,0.0,0.0,0.0,0.0,0.0,0.0,False,False,False,1.5973229885397846,0.5804321728691476,same_as_secretion,17.39408969611536
CSRP1,chr1,201513100,0.0,0.0,0.0,0.0,0.0,0.0,False,False,False,0.5468784469446283,1.6878512175541878,inverse_repressor,17.378643254007617
GBP2,chr1,89150456,0.0,0.0,0.0,0.0,0.0,0.0,False,False,False,1.482172646817655,0.4761706987851729,same_as_secretion,17.25914002782412
DSCAM,chr21,40847158,0.0,0.0,0.0,0.0,0.0,0.0,False,False,False,2.8186661982551677,0.455434513493439,same_as_secretion,17.220722669580883
SEL1L3,chr4,25863760,0.0,0.0,0.0,0.0,0.0,0.0,False,False,False,1.9111741597555647,0.5010213381100531,same_as_secretion,17.086454325974035
CCL28,chr5,43412391,130.79,0.0,-130.79,210.99,897.51,686.52,True,True,True,3.749907564889447,0.5152143293736214,same_as_secretion,17.038686031792704
PYDC1,chr16,31217162,0.0,60.06,60.06,0.0,83.93,83.93,True,True,False,6.3885238720981175,0.289676342290915,same_as_secretion,17.022551367010184
UST,chr6,148746913,0.0,0.0,0.0,0.0,0.0,0.0,False,False,False,2.058872190817593,0.6184927645179478,same_as_secretion,16.967523097460937
FANCG,chr9,35082444,0.0,0.0,0.0,0.0,0.0,0.0,False,False,False,0.7288904899135449,1.414495835548467,inverse_repressor,16.810044200122498
SLC6A14,chrX,116436606,0.0,0.0,0.0,0.0,0.0,0.0,False,False,False,0.7499644970414201,5.83654229186031,inverse_repressor,16.70334007722058
ACTR6,chr12,100199122,0.0,0.0,0.0,0.0,0.0,0.0,False,False,False,1.7693580258260189,0.734872431700158,same_as_secretion,16.56551467055659
SPRY2,chr13,80342983,115.28,0.0,-115.28,0.0,0.0,0.0,True,True,False,0.2311454460966543,1.7825773553674884,inverse_repressor,16.532252704475667
P3H2,chr3,190122437,59.1,0.0,-59.1,0.0,172.59,172.59,True,True,True,0.3693497044110959,22.447129909365557,inverse_repressor,16.344352182751773
ESR1,chr6,151651284,446.4,238.58,-207.81999999999996,72.87,536.17,463.29999999999995,True,True,True,0.7123124654681456,1.4019474196689383,inverse_repressor,16.32969428177618
RND3,chr2,150539011,0.0,0.0,0.0,0.0,0.0,0.0,False,False,False,0.452495867768595,1.3233894945490583,inverse_repressor,16.320393847339087
NUDT16L1,chr16,4693562,227.14,0.0,-227.14,0.0,0.0,0.0,True,True,False,0.7622950819672131,1.2534084711870572,inverse_repressor,15.97855826272704
SCPEP1,chr17,56978111,58.26,0.0,-58.26,0.0,211.12,211.12,True,True,True,1.6077302631578947,0.7492484454144874,same_as_secretion,15.972069329981842
HLA-B,chr6,31367067,0.0,0.0,0.0,0.0,0.0,0.0,False,False,False,2.022033049574361,0.7691290469676243,same_as_secretion,15.899694008219743
CHRM1,chr11,62921877,0.0,0.0,0.0,0.0,0.0,0.0,False,False,False,1.5521997288325775,0.2343555488082586,same_as_secretion,15.867917890651714
PADI2,chr1,17119459,0.0,0.0,0.0,0.0,0.0,0.0,False,False,False,3.2443194271936875,0.4501946968292231,same_as_secretion,15.85512608427237
TDRD7,chr9,97412069,0.0,0.0,0.0,0.0,0.0,0.0,False,False,False,1.9346049046321527,0.7880039331366766,same_as_secretion,15.851360925742584
CLEC7A,chr12,10130258,0.0,0.0,0.0,0.0,0.0,0.0,False,False,False,2.8041021671826623,0.3599740512487836,same_as_secretion,15.827119761242852
TNFSF10,chr3,172523476,138.81,0.0,-138.81,0.0,215.32,215.32,True,True,True,13.934237166508623,0.6985248924400738,same_as_secretion,15.821197878846874
OAS1,chr12,112905856,80.28,0.0,-80.28,0.0,0.0,0.0,True,True,False,17.293266391021852,0.2542194092827004,same_as_secretion,15.800161705211824
FCN2,chr9,134880714,0.0,0.0,0.0,0.0,0.0,0.0,False,False,False,3.371067970518811,0.3921062983522007,same_as_secretion,15.755964781198166
ZDBF2,chr2,206274657,0.0,0.0,0.0,0.0,0.0,0.0,False,False,False,1.2624174372523116,0.1547285898580926,same_as_secretion,15.75250412557758
COL9A3,chr20,62816244,0.0,0.0,0.0,0.0,0.0,0.0,False,False,False,0.795559973492379,1.473596387907342,inverse_repressor,15.738807703219482
GPR156,chr3,120285426,0.0,0.0,0.0,0.0,0.0,0.0,False,False,False,2.6328974535443908,0.1129583307912879,same_as_secretion,15.72787379761675
PLEKHA4,chr19,48868855,0.0,62.77,62.77,0.0,319.32,319.32,True,True,False,3.8554,0.4687436779283836,same_as_secretion,15.681155804942788
IFITM1,chr11,310041,0.0,0.0,0.0,0.0,0.0,0.0,False,False,False,8.211286282599087,0.3451117824773413,same_as_secretion,15.638751624373551
CXXC4,chr4,104494901,0.0,0.0,0.0,0.0,0.0,0.0,False,False,False,3.509669871677695,0.025859174001354,same_as_secretion,15.623072316007743
SLC2A6,chr9,133479148,0.0,0.0,0.0,0.0,52.75,52.75,True,True,False,0.7493584260051326,1.4883605252686032,inverse_repressor,15.58317920044128
RAMP1,chr2,237858893,0.0,0.0,0.0,0.0,0.0,0.0,False,False,False,3.7421040719326766,0.187864428559955,same_as_secretion,15.554266511207883
MIR99AHG,chr21,15928296,0.0,0.0,0.0,0.0,0.0,0.0,False,False,False,0.346948109058927,2.05926051945106,inverse_repressor,15.505743478491675
VCL,chr10,73995193,0.0,0.0,0.0,0.0,0.0,0.0,False,False,False,0.7336224606254279,1.2260336507108391,inverse_repressor,15.436813407695864
POMGNT1,chr1,46220305,0.0,0.0,0.0,0.0,0.0,0.0,False,False,False,0.7932401625532759,1.2140176311425328,inverse_repressor,15.432993526606982
DDX60L,chr4,168537786,0.0,0.0,0.0,0.0,0.0,0.0,False,False,False,3.315900408378343,0.3920224889834371,same_as_secretion,15.403373790685146
NGDN,chr14,23469679,0.0,0.0,0.0,0.0,0.0,0.0,False,False,False,1.2487493051695386,0.6929766767690078,same_as_secretion,15.391324863226554
LY6E,chr8,143012722,1133.6799999999998,177.1,-956.5799999999998,121.57,1848.1100000000001,1726.5400000000002,True,True,True,0.7318076355199326,1.852346503431645,inverse_repressor,15.344103525338015
MAN1A1,chr6,119349767,0.0,0.0,0.0,0.0,0.0,0.0,False,False,False,4.793940285336079,0.7606705169742216,same_as_secretion,15.314835554339233
RAB30,chr11,83071923,0.0,0.0,0.0,0.0,252.26,252.26,True,True,False,1.643884379894632,0.6664743807261622,same_as_secretion,15.243284454494088
KBTBD11,chr8,1973677,59.83,0.0,-59.83,0.0,0.0,0.0,True,True,False,1.6592824008330966,0.2525,same_as_secretion,15.135534531007917
DIO1,chr1,53891239,0.0,0.0,0.0,0.0,0.0,0.0,False,False,False,0.2164331210191082,4.216183935503135,inverse_repressor,15.126427566917249
S100A7,chr1,153460651,90.38,128.23,37.849999999999994,0.0,104.11,104.11,True,True,False,22.7805537593322,0.3560649474689589,same_as_secretion,15.073727934194338
PERP,chr6,138107419,105.16,0.0,-105.16,0.0,0.0,0.0,True,True,False,1.7054943147296242,0.7639649066323246,same_as_secretion,15.019946292453296
LAMP3,chr3,183163839,0.0,0.0,0.0,0.0,0.0,0.0,False,False,False,4.1874536440644885,0.2095750521576809,same_as_secretion,15.014086063199704
SAA1,chr11,18266260,0.0,0.0,0.0,0.0,0.0,0.0,False,False,False,7.309749492213947,0.1418824670992783,same_as_secretion,14.999126754418953
CDON,chr11,126063335,0.0,0.0,0.0,0.0,0.0,0.0,False,False,False,1.6366061440495652,0.5519505017731834,same_as_secretion,14.989529481733951
MIR3652,chr12,103930425,125.85,147.39,21.539999999999992,0.0,302.54,302.54,True,True,False,1.6260795935647756,0.6573014723630219,same_as_secretion,14.876789476648366
FAM228B,chr2,24076526,217.73,0.0,-217.73,0.0,183.22,183.22,True,True,True,0.7638827455868752,1.6832113449222326,inverse_repressor,14.84767131406979
NEXMIF,chrX,74925472,0.0,0.0,0.0,0.0,0.0,0.0,False,False,False,1.9286088413995388,0.1416321145872597,same_as_secretion,14.773421463218591
MATN2,chr8,97868840,0.0,0.0,0.0,0.0,0.0,0.0,False,False,False,1.2680520257138588,0.3263667671114937,same_as_secretion,14.677354823453175
TMEM45A,chr3,100492219,0.0,0.0,0.0,0.0,0.0,0.0,False,False,False,2.099732425200681,0.3668876198245971,same_as_secretion,14.670441342801354
MVD,chr16,88663161,0.0,0.0,0.0,0.0,0.0,0.0,False,False,False,0.7406312513891976,1.5592555958530243,inverse_repressor,14.65954900269336
SATB1,chr3,18445621,0.0,0.0,0.0,0.0,0.0,0.0,False,False,False,0.5283025709830657,1.6316946296431971,inverse_repressor,14.620480024846335
TMT1A,chr12,50923472,0.0,0.0,0.0,0.0,0.0,0.0,False,False,False,1.617502712197138,0.7633605158353879,same_as_secretion,14.589725528009904
PPM1E,chr17,58755854,0.0,62.36,62.36,0.0,0.0,0.0,True,True,False,2.1352912060716056,0.5500736377025036,same_as_secretion,14.573578424243731
FOLR1,chr11,72189558,333.83,0.0,-333.83,0.0,0.0,0.0,True,True,False,22.60038986354776,0.2134989133809375,same_as_secretion,14.542265018090774
AGK,chr7,141551278,0.0,0.0,0.0,0.0,0.0,0.0,False,False,False,1.3235330696714174,0.7538670746217915,same_as_secretion,14.41476811883246
PCYT2,chr17,81911461,71.66,52.09,-19.569999999999993,0.0,0.0,0.0,True,False,False,0.631965578759576,1.4038370813020915,inverse_repressor,14.32939398334225
KLHDC7B,chr22,50545899,0.0,0.0,0.0,0.0,0.0,0.0,False,False,False,10.697572132301197,0.1457519571487433,same_as_secretion,14.326461458388524
STOX1,chr10,68827199,0.0,0.0,0.0,0.0,0.0,0.0,False,False,False,1.9448742746615089,0.5070254385159335,same_as_secretion,14.284182292600246
GAB2,chr11,78418348,60.06,0.0,-60.06,0.0,0.0,0.0,True,True,False,2.4552017532551247,0.6831486217675476,same_as_secretion,14.2075008957546
FTL,chr19,48965275,102.26,60.53,-41.730000000000004,0.0,199.24,199.24,True,True,False,1.873952779893374,0.7917481222347977,same_as_secretion,14.165654595725908
NECAB3,chr20,33674463,279.72,108.89,-170.83000000000004,88.55,773.07,684.5200000000001,True,True,True,0.6164554804250242,1.343518477927316,inverse_repressor,14.11707402052643
IGF2BP2,chr3,185825061,0.0,0.0,0.0,0.0,0.0,0.0,False,False,False,0.1858837104942624,2.5737445312290306,inverse_repressor,13.983679371378305
HAGHL,chr16,726494,0.0,0.0,0.0,0.0,0.0,0.0,False,False,False,0.6645577320841952,2.025534132360605,inverse_repressor,13.791665816513484
TMEM132A,chr11,60924460,0.0,0.0,0.0,0.0,0.0,0.0,False,False,False,0.6252030095124459,1.324413753416774,inverse_repressor,13.760715128821856
DOCK5,chr8,25184689,0.0,0.0,0.0,0.0,0.0,0.0,False,False,False,0.5552866380088863,1.2180243828888984,inverse_repressor,13.760618118633497
CCND3,chr6,42050357,0.0,0.0,0.0,0.0,0.0,0.0,False,False,False,0.7881875563570784,1.386182108626198,inverse_repressor,13.70645593627414
SP100,chr2,230415942,80.74,0.0,-80.74,0.0,0.0,0.0,True,True,False,2.903839434760666,0.7510271158586688,same_as_secretion,13.684933232271073
ID3,chr1,23559883,0.0,0.0,0.0,0.0,0.0,0.0,False,False,False,0.7790736794886174,1.3898282340311323,inverse_repressor,13.668943806106348
PPP2R3A,chr3,135965655,0.0,0.0,0.0,0.0,0.0,0.0,False,False,False,1.2305875011143796,0.5661573033707864,same_as_secretion,13.653662768405386
ARHGAP26,chr5,142770377,0.0,0.0,0.0,0.0,0.0,0.0,False,False,False,1.5719023927979152,0.4342869342442356,same_as_secretion,13.634840090194938
LRRC45,chr17,82023294,407.57,76.08,-331.49,0.0,74.51,74.51,True,True,True,0.5644964834387648,1.4794490599038042,inverse_repressor,13.61312682115704
CLCN4,chrX,10156943,93.97,0.0,-93.97,0.0,91.08,91.08,True,True,True,2.060587882423515,0.5326411798952067,same_as_secretion,13.600809913757658
HK2,chr2,74834079,135.41,0.0,-135.41,0.0,0.0,0.0,True,True,False,1.3851113716295431,0.5130360831004738,same_as_secretion,13.563752141491811
GRAMD1C,chr3,113828182,0.0,0.0,0.0,0.0,0.0,0.0,False,False,False,2.5865558366461867,0.7011798905608756,same_as_secretion,13.51915587656472
BAK1,chr6,33580305,0.0,0.0,0.0,0.0,0.0,0.0,False,False,False,0.7064504758547762,1.21551724137931,inverse_repressor,13.48253249373322
ARHGAP40,chr20,38601775,201.63,0.0,-201.63,67.07,194.7,127.63,True,True,True,0.1149551729045111,1.2404174527738636,inverse_repressor,13.469955818577333
TXNRD1,chr12,104215779,125.43,0.0,-125.43,0.0,0.0,0.0,True,True,False,1.6193172690763051,0.7016635514018691,same_as_secretion,13.425926484101554
SUSD4,chr1,223365279,0.0,0.0,0.0,0.0,0.0,0.0,False,False,False,2.69041769041769,0.2884311740890689,same_as_secretion,13.419295476680931
SLC16A10,chr6,111087503,0.0,0.0,0.0,0.0,0.0,0.0,False,False,False,2.131568703775788,0.3072312205075883,same_as_secretion,13.415567055085676
PCED1B,chr12,47077945,0.0,0.0,0.0,0.0,0.0,0.0,False,False,False,2.4468830823523726,0.4927827167574802,same_as_secretion,13.39331360216855
HELB,chr12,66302493,0.0,0.0,0.0,0.0,0.0,0.0,False,False,False,1.3964638491723425,0.4772397094430993,same_as_secretion,13.354703467141263
LYPD6B,chr2,149037975,0.0,0.0,0.0,0.0,0.0,0.0,False,False,False,0.6235612728503724,1.4377823795180724,inverse_repressor,13.328944619349471
LIPH,chr3,185552617,213.65,0.0,-213.65,0.0,0.0,0.0,True,True,False,0.2236925378286634,1.264203881225158,inverse_repressor,13.282641250517347
TBC1D2,chr9,98255649,0.0,0.0,0.0,0.0,0.0,0.0,False,False,False,0.5988650949131932,1.4227188081936686,inverse_repressor,13.27436573400805
SYTL1,chr1,27342009,0.0,0.0,0.0,0.0,0.0,0.0,False,False,False,0.5565806816042177,1.2208433087409,inverse_repressor,13.270051304022694
LRRC58,chr3,120349409,326.95,65.72,-261.23,0.0,0.0,0.0,True,True,False,1.5024202971123353,0.7134125636672326,same_as_secretion,13.252029802664712
TIAM1,chr21,31559977,0.0,0.0,0.0,0.0,0.0,0.0,False,False,False,1.557325227963526,0.6445773173151107,same_as_secretion,13.23298707553015
AMOTL1,chr11,94706431,0.0,0.0,0.0,0.0,0.0,0.0,False,False,False,1.6221219108238885,0.5678466861857866,same_as_secretion,13.193516602350444
SPATA2L,chr16,89701705,0.0,0.0,0.0,0.0,0.0,0.0,False,False,False,0.6956166097291054,1.355151894769809,inverse_repressor,13.150109572950374
PWWP3B,chrX,106168304,0.0,0.0,0.0,0.0,0.0,0.0,False,False,False,0.7555014351569975,1.835099337748344,inverse_repressor,13.141086960640258
NEDD9,chr6,11382348,107.84,105.15,-2.6899999999999977,0.0,620.09,620.09,True,True,False,0.4901929260450161,1.3239549839228295,inverse_repressor,13.012570145606308
COL6A2,chr21,46096722,0.0,0.0,0.0,0.0,0.0,0.0,False,False,False,1.598267981717585,0.4599948101375313,same_as_secretion,13.007024729271569
PARD6A,chr16,67660909,0.0,0.0,0.0,0.0,0.0,0.0,False,False,False,0.7481074943224829,1.7978742899028768,inverse_repressor,12.980474629429258
CMBL,chr5,10307974,0.0,0.0,0.0,0.0,0.0,0.0,False,False,False,2.14314762098414,0.798550140958518,same_as_secretion,12.974128441423174
NR2F1,chr5,93583222,0.0,0.0,0.0,0.0,0.0,0.0,False,False,False,9.882246717580228,0.1056974085365853,same_as_secretion,12.90037157013152
DDX60,chr4,168318883,0.0,0.0,0.0,0.0,0.0,0.0,False,False,False,7.068681729762083,0.5107259854168869,same_as_secretion,12.885714203212064
TNFRSF11A,chr18,62325269,0.0,0.0,0.0,0.0,106.6,106.6,True,True,False,1.9955763086753504,0.3467221644120708,same_as_secretion,12.878482513370084
C1RL,chr12,7109245,0.0,0.0,0.0,0.0,0.0,0.0,False,False,False,2.724287484510533,0.5241339389081843,same_as_secretion,12.874064611224764
OAS2,chr12,112978395,0.0,0.0,0.0,0.0,0.0,0.0,False,False,False,36.20068896544061,0.3608604407135362,same_as_secretion,12.841125114631843
INPP4B,chr4,142847432,0.0,0.0,0.0,0.0,0.0,0.0,False,False,False,0.5997023809523809,1.2200858369098713,inverse_repressor,12.77189884246311
SERPINA1,chr14,94390866,113.49,0.0,-113.49,774.65,3453.1699999999996,2678.5199999999995,True,True,True,19.65776742519262,0.7635754583921015,same_as_secretion,12.752316962135522
DAPP1,chr4,99816816,0.0,0.0,0.0,0.0,0.0,0.0,False,False,False,3.979825484250264,0.5575154813285795,same_as_secretion,12.74327867874877
ACSL1,chr4,184826853,0.0,0.0,0.0,0.0,0.0,0.0,False,False,False,2.084177357641233,0.7947393461564604,same_as_secretion,12.69447157489396
ZNF714,chr19,21077069,0.0,0.0,0.0,0.0,0.0,0.0,False,False,False,1.3254714557319769,0.5880831110033148,same_as_secretion,12.5939695588055
SUCO,chr1,172532349,125.46,0.0,-125.46,0.0,0.0,0.0,True,True,False,1.31142993782879,0.7627079032446539,same_as_secretion,12.579798182320983
C3orf70,chr3,185153060,0.0,0.0,0.0,0.0,0.0,0.0,False,False,False,0.4933356117566643,1.5033925220153028,inverse_repressor,12.577267483845326
ZBTB44,chr11,130314917,0.0,0.0,0.0,0.0,66.37,66.37,True,True,False,1.307600626574951,0.7606037608567333,same_as_secretion,12.555663205960428
CEP97,chr3,101724534,53.16,75.33,22.17,0.0,165.33,165.33,True,True,False,1.402725914861837,0.7251604840084075,same_as_secretion,12.534946204255792
SLC25A36,chr3,140941801,1021.5,330.28,-691.22,69.06,658.19,589.1300000000001,True,True,True,1.278862242052426,0.6122399862472064,same_as_secretion,12.504181776026815
ACTB,chr7,5563902,0.0,0.0,0.0,0.0,0.0,0.0,False,False,False,0.6841132014793375,1.3433938178170877,inverse_repressor,12.481215431782928
ITPKC,chr19,40717112,0.0,0.0,0.0,0.0,0.0,0.0,False,False,False,0.7062262098966829,1.366435112093464,inverse_repressor,12.478335183890088
UNC5B,chr10,71212523,0.0,0.0,0.0,0.0,0.0,0.0,False,False,False,1.800578772661503,0.4004927456884751,same_as_secretion,12.455031986576948
FOXP1,chr3,71584009,0.0,0.0,0.0,0.0,0.0,0.0,False,False,False,1.2427695761029094,0.4238435222370965,same_as_secretion,12.391878678777807
SAMD9,chr7,93118023,0.0,0.0,0.0,0.0,0.0,0.0,False,False,False,19.90177736202058,0.6321260898725687,same_as_secretion,12.387135802257893
HLA-F,chr6,29722738,0.0,0.0,0.0,0.0,0.0,0.0,False,False,False,2.5842248413417948,0.5483119906868452,same_as_secretion,12.364374215203927
SHROOM1,chr5,132830920,98.34,0.0,-98.34,63.84,148.05,84.21000000000001,True,True,True,1.6610707425039672,0.6562774792379092,same_as_secretion,12.352827612560503
POF1B,chrX,85379755,0.0,0.0,0.0,0.0,0.0,0.0,False,False,False,2.0137387449027067,0.6586212214682295,same_as_secretion,12.349962134155248
TLN2,chr15,62390512,0.0,0.0,0.0,0.0,0.0,0.0,False,False,False,1.4795486600846262,0.6177173658307945,same_as_secretion,12.33556152003866
PMEPA1,chr20,57711536,0.0,0.0,0.0,0.0,0.0,0.0,False,False,False,0.7468949943545351,1.3415342714480256,inverse_repressor,12.31194235737618
TRIM29,chr11,120185529,0.0,0.0,0.0,0.0,67.05,67.05,True,True,False,11.875238128225554,0.7183770883054893,same_as_secretion,12.307647684597583
DIXDC1,chr11,111927144,0.0,0.0,0.0,0.0,0.0,0.0,False,False,False,1.3206617832786056,0.7186669030313775,same_as_secretion,12.201746886542642
PGLYRP4,chr1,153348841,0.0,0.0,0.0,0.0,0.0,0.0,False,False,False,4.217523659632628,0.1705215936739659,same_as_secretion,12.181564816778309
CD24,chr6,106975627,0.0,0.0,0.0,0.0,0.0,0.0,False,False,False,0.6070225447006995,1.2496563573883162,inverse_repressor,12.171699401634164
CSTB,chr21,43776579,0.0,0.0,0.0,0.0,0.0,0.0,False,False,False,1.2748186528497407,0.5410344827586206,same_as_secretion,12.155377905238424
PI3,chr20,45174902,0.0,0.0,0.0,0.0,0.0,0.0,False,False,False,25.828527489427145,0.1219196521018844,same_as_secretion,12.15328807998325
IFI27,chr14,94104836,51.29,0.0,-51.29,0.0,0.0,0.0,True,True,False,51.00741488411817,0.2880506179790343,same_as_secretion,12.13670733350472
FAM167A,chr8,11475908,0.0,0.0,0.0,0.0,0.0,0.0,False,False,False,1.6064009395874623,0.4066511931529702,same_as_secretion,12.117000154224698
RETREG1,chr5,16617101,306.66,57.48,-249.18000000000004,0.0,485.65,485.65,True,True,True,1.628384192758324,0.5478486900608797,same_as_secretion,12.098433233737616
CES3,chr16,66961245,0.0,0.0,0.0,0.0,0.0,0.0,False,False,False,1.391797019337357,0.2603896103896104,same_as_secretion,12.088396071735788
BTN3A1,chr6,26402237,0.0,0.0,0.0,0.0,0.0,0.0,False,False,False,3.862615587846764,0.7094580004318721,same_as_secretion,12.074926275926275
ATXN1,chr6,16761491,0.0,0.0,0.0,0.0,0.0,0.0,False,False,False,1.210678430179495,0.6307083333333333,same_as_secretion,12.037423537305916
PGM2L1,chr11,74398473,0.0,79.91,79.91,0.0,243.83,243.83,True,True,False,2.491419061817425,0.4521614911057446,same_as_secretion,11.979980004569692
FOXO3,chr6,108559652,0.0,0.0,0.0,0.0,0.0,0.0,False,False,False,1.2111659309270322,0.6560783560591512,same_as_secretion,11.924103135748428
COL5A1,chr9,134641803,0.0,0.0,0.0,0.0,0.0,0.0,False,False,False,1.6450875856816451,0.3944693572496262,same_as_secretion,11.89373551519582
STEAP1,chr7,90154436,0.0,0.0,0.0,0.0,0.0,0.0,False,False,False,6.072212089974362,0.7922245683765992,same_as_secretion,11.866873030022305
PDZK1IP1,chr1,47191398,0.0,0.0,0.0,0.0,0.0,0.0,False,False,False,2.382457271847791,0.342725675976548,same_as_secretion,11.84931728752515
ERO1A,chr14,52696025,0.0,0.0,0.0,0.0,0.0,0.0,False,False,False,1.4277560339204172,0.6664716697309042,same_as_secretion,11.804812324614126
SLC4A8,chr12,51391317,0.0,0.0,0.0,0.0,0.0,0.0,False,False,False,1.3489164508654763,0.5071728347958794,same_as_secretion,11.800267553332704
THRB,chr3,24495756,0.0,0.0,0.0,0.0,115.24,115.24,True,True,False,1.573462891606634,0.6983462069299499,same_as_secretion,11.791676132209004
LPCAT1,chr5,1524282,294.04,77.85,-216.19000000000003,0.0,115.67,115.67,True,True,True,0.5467896817925062,1.2047686418109187,inverse_repressor,11.757981027428016
ATP6V1E2,chr2,46543287,0.0,0.0,0.0,0.0,0.0,0.0,False,False,False,1.7305785123966944,0.5894946661252815,same_as_secretion,11.748527575418995
MATN3,chr2,20012669,0.0,0.0,0.0,0.0,0.0,0.0,False,False,False,0.6020127795527157,1.7575980392156862,inverse_repressor,11.746976586034709
TGFBI,chr5,136028988,0.0,0.0,0.0,0.0,0.0,0.0,False,False,False,2.282262959815467,0.392456818624315,same_as_secretion,11.724800633221594
IFNGR1,chr6,137219449,0.0,0.0,0.0,0.0,0.0,0.0,False,False,False,1.3638259833134685,0.7036033323296196,same_as_secretion,11.721878261910309
L1CAM,chrX,153886204,0.0,0.0,0.0,0.0,0.0,0.0,False,False,False,1.315000170805862,0.3984404010397326,same_as_secretion,11.70785391795836
MGAT4B,chr5,179806979,0.0,0.0,0.0,0.0,0.0,0.0,False,False,False,0.7149413942011105,1.2388879909487636,inverse_repressor,11.676605023751865
EPS8L2,chr11,694438,0.0,0.0,0.0,0.0,0.0,0.0,False,False,False,0.5959858412411508,1.3047863629596546,inverse_repressor,11.641463421741117
DHRS4-AS1,chr14,24075861,0.0,0.0,0.0,0.0,0.0,0.0,False,False,False,1.3374446552814674,0.6335577767554682,same_as_secretion,11.63985135301423
APOL6,chr22,35648386,0.0,0.0,0.0,0.0,0.0,0.0,False,False,False,2.5600667988727697,0.5973718791064389,same_as_secretion,11.600982908388216
DUSP22,chr6,291630,0.0,0.0,0.0,0.0,0.0,0.0,False,False,False,0.7226251987281398,1.3255760763908742,inverse_repressor,11.589899146188618
KLHDC10,chr7,130070534,0.0,0.0,0.0,0.0,0.0,0.0,False,False,False,1.2092791495958364,0.6711409395973155,same_as_secretion,11.577604963132956
WFDC2,chr20,45469386,0.0,0.0,0.0,0.0,0.0,0.0,False,False,False,2.5855574399714363,0.071583514099783,same_as_secretion,11.57357849002658
ST3GAL4,chr11,126354677,0.0,0.0,0.0,0.0,0.0,0.0,False,False,False,0.4237622451681229,1.3664884135472368,inverse_repressor,11.569622030266617
SCNN1B,chr16,23278231,0.0,0.0,0.0,0.0,0.0,0.0,False,False,False,1.475714468794053,0.5203435952919576,same_as_secretion,11.555594475991027
GSTM4,chr1,109656099,0.0,0.0,0.0,0.0,0.0,0.0,False,False,False,0.7525817732976754,1.8351482153660008,inverse_repressor,11.542725410789016
DDIT4,chr10,72273919,208.14,0.0,-208.14,0.0,0.0,0.0,True,True,False,1.2689415847310583,0.670590190267815,same_as_secretion,11.539101106911534
CDC42EP2,chr11,65314834,0.0,0.0,0.0,0.0,0.0,0.0,False,False,False,1.3790508234460777,0.3072501243162606,same_as_secretion,11.533582136520018
CTBP2,chr10,125163006,0.0,0.0,0.0,0.0,68.21,68.21,True,True,False,1.421417456500212,0.7744440057902354,same_as_secretion,11.529164663570524
IFIT2,chr10,89283694,0.0,0.0,0.0,0.0,0.0,0.0,False,False,False,15.329119605056473,0.6651127819548872,same_as_secretion,11.481849826116742
COLQ,chr3,15521928,0.0,0.0,0.0,0.0,0.0,0.0,False,False,False,1.780393205831216,0.5603871215024914,same_as_secretion,11.454394854477222
IDH2,chr15,90102490,55.95,0.0,-55.95,0.0,72.05,72.05,True,True,True,0.6392834155760566,1.414860259032038,inverse_repressor,11.44101638344814
DCTN3,chr9,34620523,0.0,0.0,0.0,0.0,0.0,0.0,False,False,False,0.6592965310368185,1.2127334664630562,inverse_repressor,11.428452432122432
ITGB5,chr3,124901418,0.0,0.0,0.0,0.0,0.0,0.0,False,False,False,0.7980998636673484,1.710138648180242,inverse_repressor,11.426528151545154
AKAP5,chr14,64465499,0.0,0.0,0.0,0.0,0.0,0.0,False,False,False,1.933146196150321,0.5211530125704379,same_as_secretion,11.37090076484094
HCP5,chrHSCHR6_MHC_MCF_CTG1,2806319,0.0,0.0,0.0,0.0,0.0,0.0,False,False,False,3.2626688738185505,0.5566171505739366,same_as_secretion,11.323907083086686
NAAA,chr4,75941013,0.0,0.0,0.0,0.0,0.0,0.0,False,False,False,0.7759316173645793,1.2752098902112738,inverse_repressor,11.26318556857824
ENO1,chr1,8879289,0.0,0.0,0.0,0.0,0.0,0.0,False,False,False,0.6463073394495413,1.2966968590870174,inverse_repressor,11.199846900102475
SYNE4,chr19,36008831,0.0,0.0,0.0,0.0,0.0,0.0,False,False,False,0.7088460259394745,1.2539267015706803,inverse_repressor,11.104994591879166
ALG1L1P,chr3,125990537,0.0,0.0,0.0,0.0,0.0,0.0,False,False,False,1.563374650139944,0.3768630647414998,same_as_secretion,11.10409455980434
DDAH2,chr6,31730617,83.08,0.0,-83.08,0.0,149.67,149.67,True,True,True,0.595437145919461,1.2010922885734845,inverse_repressor,11.08428835309898
VSIG10,chr12,118136026,0.0,0.0,0.0,0.0,0.0,0.0,False,False,False,0.7726593287131404,1.202582311168496,inverse_repressor,11.07805271699138
DSCR8,chr21,38121441,284.33,97.61,-186.71999999999997,0.0,80.26,80.26,True,True,True,0.3762688825064129,1.314142678347935,inverse_repressor,11.061112819001732
PLEKHG2,chr19,39412669,648.7900000000001,69.53,-579.2600000000001,0.0,358.1,358.1,True,True,True,0.5691974908068355,1.3968464826152247,inverse_repressor,11.055477071755252
TMEM39A,chr3,119468854,0.0,0.0,0.0,0.0,0.0,0.0,False,False,False,1.2032613211466556,0.6971642077026251,same_as_secretion,11.05380386418669
RAB7B,chr1,206003461,0.0,0.0,0.0,0.0,0.0,0.0,False,False,False,9.871608299690172,0.5739386371744558,same_as_secretion,11.04967844338038
YAP1,chr11,102110099,0.0,0.0,0.0,0.0,0.0,0.0,False,False,False,1.3889319485351106,0.7372211177380162,same_as_secretion,11.043380692303067
PKP2,chr12,32896798,0.0,0.0,0.0,0.0,0.0,0.0,False,False,False,0.6629103036685974,1.62,inverse_repressor,11.004906885449106
BPGM,chr7,134646811,0.0,0.0,0.0,0.0,0.0,0.0,False,False,False,1.6965820507695382,0.7378702525894967,same_as_secretion,10.96947933669788
ABHD17C,chr15,80679684,754.19,161.08,-593.11,95.43,466.68,371.25,True,True,True,0.5269481634054239,1.3584415584415583,inverse_repressor,10.87424671882695
KCNG1,chr20,51023244,0.0,0.0,0.0,0.0,0.0,0.0,False,False,False,1.547427154370738,0.1911362591911764,same_as_secretion,10.840306571931896
CIMAP3,chr1,111346600,0.0,0.0,0.0,0.0,0.0,0.0,False,False,False,1.9251063829787236,0.5612214048170916,same_as_secretion,10.834531409364311
CKMT1B,chr15,43593054,0.0,0.0,0.0,0.0,0.0,0.0,False,False,False,0.69052244683644,1.246204712675794,inverse_repressor,10.834038087791717
ABCA2,chr9,137028915,57.95,0.0,-57.95,0.0,0.0,0.0,True,True,False,0.62565515750797,1.298238933841028,inverse_repressor,10.819593523024606
RADX,chrX,106611930,0.0,0.0,0.0,0.0,0.0,0.0,False,False,False,0.4727233491583945,1.7348215795704378,inverse_repressor,10.819379967457635
C14orf119,chr14,23094692,0.0,0.0,0.0,0.0,0.0,0.0,False,False,False,1.3142781175219356,0.7813399633603768,same_as_secretion,10.767398721621596
RETSAT,chr2,85354655,0.0,0.0,0.0,0.0,0.0,0.0,False,False,False,0.7409529005273686,1.256681270536692,inverse_repressor,10.74531396472696
MB21D2,chr3,192917856,0.0,0.0,0.0,0.0,0.0,0.0,False,False,False,0.7318893783651492,1.4414461038000888,inverse_repressor,10.740458172461375
GRAMD2A,chr15,72197830,0.0,0.0,0.0,0.0,0.0,0.0,False,False,False,0.2571126441411954,1.379877693651718,inverse_repressor,10.735560984387186
VMA21,chrX,151396515,0.0,0.0,0.0,0.0,0.0,0.0,False,False,False,1.2848166995534325,0.7766400980993257,same_as_secretion,10.707364773212412
PDIA5,chr3,123067025,130.84,0.0,-130.84,0.0,0.0,0.0,True,True,False,1.4674955595026644,0.722252597047567,same_as_secretion,10.692936076676505
CHASERR,chr15,92819305,0.0,0.0,0.0,0.0,0.0,0.0,False,False,False,0.7458721833721832,1.2562800921080175,inverse_repressor,10.683534002228056
KLF4,chr9,107490482,0.0,0.0,0.0,0.0,0.0,0.0,False,False,False,1.6863452861553077,0.5508598773740092,same_as_secretion,10.6370737465219
KCNK15,chr20,44745865,0.0,0.0,0.0,0.0,71.46,71.46,True,True,False,0.7497708524289642,1.4399678892178014,inverse_repressor,10.621819366007076
SP110,chr2,230225729,0.0,0.0,0.0,0.0,0.0,0.0,False,False,False,3.0902362906821224,0.7258295831066712,same_as_secretion,10.589801462478116
RPGR,chrX,38327544,0.0,0.0,0.0,0.0,0.0,0.0,False,False,False,1.3868353868353869,0.6304709683736412,same_as_secretion,10.57906598014877
LOC102725231,chr5,180467156,0.0,77.23,77.23,50.33,434.86,384.53000000000003,True,True,False,0.5734826163818505,1.9233292332923329,inverse_repressor,10.575431958124517
DNAJC12,chr10,67838188,0.0,0.0,0.0,0.0,0.0,0.0,False,False,False,1.884398543132266,0.4995555555555555,same_as_secretion,10.5571609638597
RPS6KA2,chr6,166906451,0.0,0.0,0.0,0.0,0.0,0.0,False,False,False,0.4351141170808318,4.326437171443107,inverse_repressor,10.502911016582472
TRANK1,chr3,36945057,0.0,0.0,0.0,0.0,0.0,0.0,False,False,False,3.0941489361702126,0.6107477767396796,same_as_secretion,10.485674912040103
IFI44,chr1,78647078,0.0,0.0,0.0,0.0,0.0,0.0,False,False,False,43.70533402382186,0.2963970588235294,same_as_secretion,10.432055631719807
CLTB,chr5,176416557,145.38,0.0,-145.38,0.0,0.0,0.0,True,True,False,0.7208219178082191,1.35580480357038,inverse_repressor,10.393133500244064
FGD3,chr9,92947486,0.0,0.0,0.0,0.0,0.0,0.0,False,False,False,0.6869878728285809,2.349124070074394,inverse_repressor,10.37602685942273
SDHA,chr5,218274,0.0,0.0,0.0,0.0,0.0,0.0,False,False,False,0.7024251223315588,1.3275881365416902,inverse_repressor,10.334840257623592
CHLSN,chr7,1138313,0.0,0.0,0.0,0.0,0.0,0.0,False,False,False,0.7625882714154129,1.3285560344827587,inverse_repressor,10.286062188441916
TPRN,chr9,137204193,117.26,0.0,-117.26,0.0,371.31,371.31,True,True,True,0.6397770996417672,1.2335218746392704,inverse_repressor,10.262482108838324
LRP4,chr11,46918642,0.0,0.0,0.0,0.0,0.0,0.0,False,False,False,3.1238067263915408,0.7535467791411044,same_as_secretion,10.230968873602803
TSPO,chr22,43151077,0.0,0.0,0.0,0.0,0.0,0.0,False,False,False,0.7438286642306131,1.5824774001231248,inverse_repressor,10.222992057923342
ZNF702P,chr19,52970875,0.0,0.0,0.0,0.0,0.0,0.0,False,False,False,0.582421438825969,1.2611560911316135,inverse_repressor,10.198339995865604
RABL3,chr3,120742993,0.0,0.0,0.0,0.0,66.71,66.71,True,True,False,1.5878513768821207,0.7612589818844246,same_as_secretion,10.163009859931863
KIF12,chr9,114099292,0.0,0.0,0.0,0.0,0.0,0.0,False,False,False,3.2873708466513043,0.6948345694597865,same_as_secretion,10.159997251586738
ZNF483,chr9,111525054,0.0,50.8,50.8,0.0,0.0,0.0,True,True,False,1.5356032675486158,0.6540745490535002,same_as_secretion,10.15976047391844
C6orf141,chr6,49550666,228.59,73.19,-155.4,0.0,201.87,201.87,True,True,True,1.435091496232508,0.5587674956181573,same_as_secretion,10.128307222346283
DEPTOR,chr8,119873717,0.0,0.0,0.0,0.0,0.0,0.0,False,False,False,1.7446369438978735,0.6615964275746582,same_as_secretion,10.127731270414998
NRP1,chr10,33336262,97.17,0.0,-97.17,0.0,0.0,0.0,True,True,False,0.7650195520796302,2.681475424729717,inverse_repressor,10.078843551103477
RAB36,chr22,23145366,320.74,0.0,-320.74,0.0,83.77,83.77,True,True,True,2.047790245851037,0.1776552194678189,same_as_secretion,10.067668484366152
TAPT1,chr4,16227410,0.0,0.0,0.0,0.0,0.0,0.0,False,False,False,0.7650066161433899,1.293511734097908,inverse_repressor,10.02591328065446
CRIP1,chr14,105484603,0.0,0.0,0.0,0.0,0.0,0.0,False,False,False,0.5204773869346733,1.2124257651895842,inverse_repressor,9.977503024280264
CRIM1-DT,chr2,36355488,61.35,0.0,-61.35,0.0,0.0,0.0,True,True,False,0.3082993030182074,1.9609034987478415,inverse_repressor,9.970296929344627
HLA-C,chr6,31272130,0.0,0.0,0.0,0.0,0.0,0.0,False,False,False,1.6106211730273037,0.7704007019596375,same_as_secretion,9.898027514807058
DUSP4,chr8,29350684,0.0,0.0,0.0,0.0,0.0,0.0,False,False,False,0.4265671641791044,2.171324507949849,inverse_repressor,9.897933894793592
MX1,chr21,41420020,0.0,0.0,0.0,0.0,0.0,0.0,False,False,False,1.998746081504702,0.5596244131455399,same_as_secretion,9.88296805596744
PDK4,chr7,95597638,0.0,0.0,0.0,0.0,0.0,0.0,False,False,False,3.5372841444270016,0.2556916794282797,same_as_secretion,9.8459300728768
MDK,chr11,46380756,0.0,0.0,0.0,0.0,0.0,0.0,False,False,False,0.7345397324940992,1.3933059045924607,inverse_repressor,9.829258716826088
TTC5,chr14,20305963,0.0,0.0,0.0,0.0,0.0,0.0,False,False,False,1.3424962852897475,0.6670173988200369,same_as_secretion,9.826848263286582
GMIP,chr19,19643657,0.0,0.0,0.0,0.0,0.0,0.0,False,False,False,0.6613707165109033,1.389886833123765,inverse_repressor,9.813948585366855
DMC1,chr22,38570211,0.0,0.0,0.0,0.0,0.0,0.0,False,False,False,1.7380265127218302,0.5619860947966602,same_as_secretion,9.804803213185926
GRHL2-DT,chr8,101493338,0.0,0.0,0.0,0.0,0.0,0.0,False,False,False,0.7160770264218541,1.5078377408160826,inverse_repressor,9.778194799650862
SLC22A31,chr16,89201651,0.0,0.0,0.0,0.0,0.0,0.0,False,False,False,2.9627023223082336,0.3242574257425742,same_as_secretion,9.74442921659646
LMAN1,chr18,59359265,0.0,0.0,0.0,0.0,0.0,0.0,False,False,False,1.2135117308960708,0.7581276515950589,same_as_secretion,9.726842224382144
TRIM56,chr7,101085234,0.0,0.0,0.0,0.0,0.0,0.0,False,False,False,1.3475007060152502,0.7588028169014085,same_as_secretion,9.7173212048854
MLF1,chr3,158571163,0.0,0.0,0.0,0.0,0.0,0.0,False,False,False,1.3345277706680316,0.7675598086124401,same_as_secretion,9.69793824853237
ABHD12,chr20,25390866,0.0,0.0,0.0,0.0,0.0,0.0,False,False,False,0.7909526575660761,1.2998178014710844,inverse_repressor,9.69583130754955
FSTL3,chr19,676392,0.0,0.0,0.0,0.0,0.0,0.0,False,False,False,0.7353601917028606,1.5266507557677007,inverse_repressor,9.682522285200196
ARL13B,chr3,93980139,0.0,0.0,0.0,0.0,0.0,0.0,False,False,False,1.2179518968509797,0.6537735163797486,same_as_secretion,9.663492418943315
PRKX,chrX,3713649,0.0,0.0,0.0,0.0,0.0,0.0,False,False,False,1.416603740061298,0.6859550561797751,same_as_secretion,9.651556295814908
ZIC2,chr13,99981784,62.64,0.0,-62.64,0.0,88.21,88.21,True,True,True,1.3364573570759135,0.5381789556546838,same_as_secretion,9.651378578766389
EDARADD,chr1,236348257,0.0,0.0,0.0,0.0,0.0,0.0,False,False,False,0.4479850611408951,1.7692748091603052,inverse_repressor,9.644519629173592
KAAG1,chr6,24356903,67.58,0.0,-67.58,0.0,314.2,314.2,True,True,True,0.564990854165512,1.5679256476171644,inverse_repressor,9.613676919555555
HLA-DRA,chr6,32439872,0.0,0.0,0.0,0.0,0.0,0.0,False,False,False,1.5942897074972546,0.1341896913879463,same_as_secretion,9.61019007781144
IL18,chr11,112164106,0.0,0.0,0.0,0.0,0.0,0.0,False,False,False,4.851535982201432,0.7888582756535178,same_as_secretion,9.59258081783407
PRCP,chr11,82970584,0.0,0.0,0.0,0.0,0.0,0.0,False,False,False,1.4782608695652175,0.7160577356788452,same_as_secretion,9.585721111879268
BEX3,chrX,103376299,0.0,0.0,0.0,0.0,0.0,0.0,False,False,False,1.3807159114421683,0.7629579604929934,same_as_secretion,9.571319569571193
PCDHA7,chr5,140834248,0.0,0.0,0.0,0.0,0.0,0.0,False,False,False,1.382851985559567,0.6408774305891457,same_as_secretion,9.57030148318821
ZFP36L1,chr14,68796253,0.0,0.0,0.0,0.0,141.95,141.95,True,True,False,2.026397045468306,0.7850341215680052,same_as_secretion,9.55289295455318
PIK3R4,chr3,130746829,0.0,0.0,0.0,0.0,0.0,0.0,False,False,False,1.2484283789851818,0.693777388255916,same_as_secretion,9.482730714387555
DHX58,chr17,42112733,0.0,0.0,0.0,0.0,0.0,0.0,False,False,False,8.486880255146419,0.7342213558587829,same_as_secretion,9.468239186598678
BTBD3,chr20,11890723,0.0,0.0,0.0,0.0,0.0,0.0,False,False,False,1.2011343804537522,0.7706529713866471,same_as_secretion,9.463283606826195
DRAM2,chr1,111140225,0.0,0.0,0.0,0.0,0.0,0.0,False,False,False,1.2912946428571428,0.7600422832980973,same_as_secretion,9.459943561267208
RHOBTB2,chr8,22987222,0.0,0.0,0.0,0.0,71.39,71.39,True,True,False,0.5862269415594482,1.299835255354201,inverse_repressor,9.446289538739688
FAM219B,chr15,74907331,0.0,0.0,0.0,0.0,0.0,0.0,False,False,False,0.6899070385126163,1.2584623128224486,inverse_repressor,9.442045140500586
TGM3,chr20,2296001,0.0,0.0,0.0,0.0,0.0,0.0,False,False,False,11.48031496062992,0.3211984949986234,same_as_secretion,9.436665277177102
VAV1,chr19,6772694,0.0,0.0,0.0,0.0,0.0,0.0,False,False,False,0.6201348056790478,1.2756348129482458,inverse_repressor,9.425697340186147
STRIP2,chr7,129434392,0.0,0.0,0.0,0.0,0.0,0.0,False,False,False,2.048648962078163,0.5152954068121632,same_as_secretion,9.346904363159757
ARVCF,chr22,20016823,126.94,0.0,-126.94,0.0,0.0,0.0,True,True,False,0.4900853124279455,1.2627273229782765,inverse_repressor,9.338854988207522
EEIG2,chr1,108560036,158.3,54.29,-104.01000000000002,0.0,0.0,0.0,True,True,False,1.3615641081394505,0.5936287957619905,same_as_secretion,9.280284061538849
CTSE,chr1,206023909,0.0,0.0,0.0,0.0,0.0,0.0,False,False,False,7.4646846254927715,0.1191567398119122,same_as_secretion,9.26687694524662
RNF128,chrX,106693794,0.0,0.0,0.0,0.0,0.0,0.0,False,False,False,0.1554208395482633,1.3998955018287176,inverse_repressor,9.255318906730924
SPINK5,chr5,148025683,0.0,0.0,0.0,0.0,0.0,0.0,False,False,False,1.5610511962315607,0.3845019287497163,same_as_secretion,9.24849978807969
WNT4,chr1,22143969,0.0,0.0,0.0,0.0,0.0,0.0,False,False,False,1.3424746980084885,0.4547218351377425,same_as_secretion,9.23101791896742
SCN1B,chr19,35030447,0.0,0.0,0.0,0.0,0.0,0.0,False,False,False,0.6803981937602627,2.0351372146704283,inverse_repressor,9.202656102721225
GASK1B,chr4,158174249,0.0,0.0,0.0,0.0,0.0,0.0,False,False,False,0.6535631488761214,1.413917525773196,inverse_repressor,9.155126634972774
PPCDC,chr15,75023586,415.62,78.82,-336.8,0.0,274.26,274.26,True,True,True,0.7856047700170357,1.2592678005188815,inverse_repressor,9.149623490847434
DCXR,chr17,82037776,0.0,0.0,0.0,0.0,0.0,0.0,False,False,False,0.6714771673023401,1.2235033959879955,inverse_repressor,9.11393240258579
ACVR1B,chr12,51951679,0.0,0.0,0.0,0.0,0.0,0.0,False,False,False,1.2321571000302538,0.7225125628140704,same_as_secretion,9.112060021585396
FRMD4B,chr3,69542583,0.0,0.0,0.0,0.0,0.0,0.0,False,False,False,1.298704443637244,0.6948606106580694,same_as_secretion,9.086960314084408
PCDHA8,chr5,140841187,0.0,0.0,0.0,0.0,0.0,0.0,False,False,False,1.4295923836749278,0.5791729884642246,same_as_secretion,9.072742949357426
MXI1,chr10,110207605,0.0,0.0,0.0,0.0,0.0,0.0,False,False,False,1.5785889918668432,0.7359933268455443,same_as_secretion,9.056974003667976
JAG1,chr20,10674396,0.0,0.0,0.0,0.0,0.0,0.0,False,False,False,1.7787863506471675,0.5502272929851145,same_as_secretion,9.050535676311624
P2RY6,chr11,73264498,61.35,0.0,-61.35,0.0,151.53,151.53,True,True,True,0.6870352845748277,1.3308884247340556,inverse_repressor,9.043004741539598
KLF13,chr15,31326706,0.0,0.0,0.0,0.0,0.0,0.0,False,False,False,1.297178453646024,0.7499268506778504,same_as_secretion,9.036573232850138
TNNC1,chr3,52454041,0.0,0.0,0.0,0.0,0.0,0.0,False,False,False,0.5233416366823509,2.978855537483365,inverse_repressor,9.02308000034829
LMX1B,chr9,126613928,0.0,0.0,0.0,0.0,95.3,95.3,True,True,False,1.2015730114760583,0.5865168539325843,same_as_secretion,9.021001068117918
PNKD,chr2,218269651,103.71,72.87,-30.83999999999999,0.0,417.03,417.03,True,True,False,0.7348582098261174,1.230230930720784,inverse_repressor,8.995673100576251
BIRC3,chr11,102317484,225.15,160.31,-64.84,58.53,1294.88,1236.3500000000001,True,True,True,1.3635698992114471,0.722352694485217,same_as_secretion,8.979212541728542
GLCE,chr15,69160584,0.0,0.0,0.0,0.0,0.0,0.0,False,False,False,1.2246798017161118,0.751267345998259,same_as_secretion,8.965246851854433
CCDC78,chr16,726954,0.0,0.0,0.0,0.0,0.0,0.0,False,False,False,0.5548082312434943,1.2622453837095682,inverse_repressor,8.95354081181146
CHN1,chr2,175005381,82.77,0.0,-82.77,0.0,0.0,0.0,True,True,False,1.5949937986244225,0.3055658741951461,same_as_secretion,8.925441402963656
ZFAND2B,chr2,219195237,0.0,0.0,0.0,0.0,0.0,0.0,False,False,False,0.6505010449600771,1.2962389722953105,inverse_repressor,8.91294902329979
GOLPH3L,chr1,150697219,0.0,0.0,0.0,0.0,0.0,0.0,False,False,False,1.2992833350156456,0.714332784184514,same_as_secretion,8.908339835254505
MED12L,chr3,151085286,114.72,0.0,-114.72,0.0,0.0,0.0,True,True,False,1.504618542593226,0.4298703485435258,same_as_secretion,8.905159384960898
DENND5B,chr12,31591170,0.0,0.0,0.0,0.0,0.0,0.0,False,False,False,2.023699573059162,0.3943363345919257,same_as_secretion,8.899057137152507
AHNAK2,chr14,104978374,0.0,0.0,0.0,0.0,0.0,0.0,False,False,False,2.0408371618172536,0.7716592112705023,same_as_secretion,8.88671197665914
ZHX2,chr8,122781311,88.71,0.0,-88.71,0.0,0.0,0.0,True,True,False,1.212454114305619,0.561409916902566,same_as_secretion,8.879464695508656
PPIL6,chr6,109441171,0.0,0.0,0.0,0.0,0.0,0.0,False,False,False,1.468951148978513,0.5280831350945285,same_as_secretion,8.85221378446575
RASAL1,chr12,113136258,0.0,0.0,0.0,0.0,0.0,0.0,False,False,False,1.6116008201746044,0.308268156424581,same_as_secretion,8.847813407087733
CAPS2,chr12,75390950,0.0,0.0,0.0,0.0,0.0,0.0,False,False,False,1.9053367894045377,0.5399008674101611,same_as_secretion,8.834550506767402
ALPK1,chr4,112285509,301.66,0.0,-301.66,51.36,175.5,124.14,True,True,True,1.396495327102804,0.7130241266028472,same_as_secretion,8.822559153760265
ASTN2,chr9,117415070,153.78,0.0,-153.78,0.0,92.83,92.83,True,True,True,1.4952364273204906,0.6894939286522361,same_as_secretion,8.782019388823711
MLLT3,chr9,20622499,0.0,0.0,0.0,0.0,0.0,0.0,False,False,False,1.2223356632372575,0.7323033499220084,same_as_secretion,8.77542237106232
CPTP,chr1,1324756,59.03,0.0,-59.03,0.0,54.74,54.74,True,True,True,0.797282929710573,1.3311334289813486,inverse_repressor,8.743871491723176
DSE,chr6,116253604,0.0,0.0,0.0,0.0,0.0,0.0,False,False,False,1.454420364637083,0.7322779024349706,same_as_secretion,8.74043381035712
PHKG2,chr16,30748293,0.0,0.0,0.0,0.0,108.47,108.47,True,True,False,0.7684813753581662,1.269210292812777,inverse_repressor,8.718566981077133
SLC12A4,chr16,67969601,561.0,202.05,-358.95,0.0,51.61,51.61,True,True,True,0.6729034096305441,1.3797564687975643,inverse_repressor,8.718379942539157
HES4,chr1,1000172,0.0,0.0,0.0,0.0,0.0,0.0,False,False,False,0.5318715552360412,1.4747961165048544,inverse_repressor,8.718095745301571
CETN2,chrX,152830782,0.0,0.0,0.0,0.0,0.0,0.0,False,False,False,1.2563210754621126,0.6744968657208842,same_as_secretion,8.700510663935388
HGH1,chr8,144137774,0.0,0.0,0.0,0.0,0.0,0.0,False,False,False,0.7483639434241081,1.3236581652074608,inverse_repressor,8.69521666079001
NMI,chr2,151289908,0.0,0.0,0.0,0.0,0.0,0.0,False,False,False,1.6126315789473686,0.6836052067885977,same_as_secretion,8.680354604716982
ATP6V0E2,chr7,149872968,0.0,0.0,0.0,0.0,0.0,0.0,False,False,False,0.7759181775918178,1.2951215828424707,inverse_repressor,8.67865897472251
RANBP3L,chr5,36302114,0.0,0.0,0.0,0.0,0.0,0.0,False,False,False,0.1323202232361703,1.315677083333333,inverse_repressor,8.65595146635355
RNF217,chr6,124962437,0.0,0.0,0.0,0.0,0.0,0.0,False,False,False,3.902776778649018,0.6956171446986787,same_as_secretion,8.583651783143852
CKMT1A,chr15,43692886,0.0,0.0,0.0,0.0,0.0,0.0,False,False,False,0.6946191474493361,1.2588013327445706,inverse_repressor,8.576708749062497
SNHG33,chr3,183451741,0.0,0.0,0.0,0.0,0.0,0.0,False,False,False,2.002518574486841,0.6242936136598408,same_as_secretion,8.566779766799332
JAK3,chr19,17848071,0.0,0.0,0.0,0.0,0.0,0.0,False,False,False,0.7333944495374615,1.322425077506028,inverse_repressor,8.56224901551645
MICAL1,chr6,109465968,0.0,0.0,0.0,0.0,0.0,0.0,False,False,False,0.5891735137747705,1.3145999043769288,inverse_repressor,8.552950772553947
BCL2L11,chr2,111119378,0.0,0.0,0.0,0.0,0.0,0.0,False,False,False,1.2132245598969515,0.4346285018270401,same_as_secretion,8.550492617446029
ZC3H12C,chr11,110093392,0.0,0.0,0.0,0.0,0.0,0.0,False,False,False,1.3676820047526466,0.7700880045915438,same_as_secretion,8.530219086236738
YAF2,chr12,42238349,139.8,0.0,-139.8,0.0,183.26,183.26,True,True,True,1.2343542650883803,0.7264431239388796,same_as_secretion,8.5208709719803
TLE6,chr19,2977538,0.0,0.0,0.0,0.0,0.0,0.0,False,False,False,0.1601299737772203,1.985277202668507,inverse_repressor,8.517978122708936
GDAP1,chr8,74320613,0.0,0.0,0.0,0.0,0.0,0.0,False,False,False,1.4813648564939088,0.7412507896399242,same_as_secretion,8.494200345717182
SEMA3B,chr3,50267542,785.51,163.72,-621.79,0.0,195.25,195.25,True,True,True,1.574702733771599,0.6876784015223598,same_as_secretion,8.491880012514766
SAV1,chr14,50668337,0.0,0.0,0.0,0.0,0.0,0.0,False,False,False,1.3620555814314546,0.7681056518034649,same_as_secretion,8.476512237517285
FUNDC2,chrX,155025980,0.0,0.0,0.0,0.0,0.0,0.0,False,False,False,1.2600612870275794,0.7377534745955797,same_as_secretion,8.425252042410591
UBE2L6,chr11,57568284,0.0,0.0,0.0,0.0,0.0,0.0,False,False,False,1.3216991216247618,0.6906442214308839,same_as_secretion,8.41971888647792
FAM156A,chrX,52995564,0.0,0.0,0.0,0.0,0.0,0.0,False,False,False,0.6725668521786343,1.2092733603193022,inverse_repressor,8.419014850388919
PAXX,chr9,136992403,1115.39,705.77,-409.6200000000001,0.0,388.18,388.18,True,True,True,0.7206805019305019,1.2472306143001006,inverse_repressor,8.395611569562131
EPB41L1,chr20,36091504,778.04,214.41,-563.63,0.0,0.0,0.0,True,True,False,1.516399446569545,0.6425288080095712,same_as_secretion,8.370971935913392
CEP41,chr7,130442433,0.0,0.0,0.0,0.0,0.0,0.0,False,False,False,1.2482277745496804,0.7442613582245928,same_as_secretion,8.370822995836354
FLRT3,chr20,14337631,0.0,0.0,0.0,0.0,0.0,0.0,False,False,False,1.6980531558715333,0.6933635747739255,same_as_secretion,8.369951999288824
PAPLN,chr14,73236338,0.0,0.0,0.0,0.0,0.0,0.0,False,False,False,0.6222707423580786,2.000287455444406,inverse_repressor,8.319062456157612
ULK3,chr15,74843346,232.76,0.0,-232.76,0.0,0.0,0.0,True,True,False,0.6522985528269956,1.255897401820719,inverse_repressor,8.288577232571264
TMEM243,chr7,87220597,0.0,0.0,0.0,0.0,0.0,0.0,False,False,False,1.2518818349666243,0.6996494582536646,same_as_secretion,8.27176405454643
AP1AR,chr4,112231363,0.0,0.0,0.0,0.0,0.0,0.0,False,False,False,1.2308128330121302,0.6746924512948159,same_as_secretion,8.26668540404227
MOCS2-DT,chr5,53109816,0.0,0.0,0.0,0.0,0.0,0.0,False,False,False,1.5833333333333337,0.7904899250891321,same_as_secretion,8.211120136921197
DSC2,chr18,31102600,0.0,0.0,0.0,0.0,0.0,0.0,False,False,False,1.289997083697871,0.5865856050205923,same_as_secretion,8.209053646600111
HCFC1R1,chr16,3024286,0.0,0.0,0.0,0.0,0.0,0.0,False,False,False,0.6855775803144224,1.324574411293671,inverse_repressor,8.204800561442404
RDM1,chr17,35930773,0.0,0.0,0.0,0.0,0.0,0.0,False,False,False,0.7707725674968217,1.4294896392939371,inverse_repressor,8.18398619806203
SNAPC1,chr14,61762325,0.0,0.0,0.0,0.0,0.0,0.0,False,False,False,1.5521319440005117,0.7891373801916933,same_as_secretion,8.14754275416582
RAB6B,chr3,133895882,0.0,0.0,0.0,0.0,0.0,0.0,False,False,False,1.701924571022664,0.6227386724627988,same_as_secretion,8.128579528335257
TMEM263,chr12,106955667,0.0,0.0,0.0,0.0,0.0,0.0,False,False,False,1.268405027714888,0.7919997012026592,same_as_secretion,8.118828533731318
IDH2-DT,chr15,90102593,55.95,0.0,-55.95,0.0,72.05,72.05,True,True,True,0.621153491800258,1.4301330798479088,inverse_repressor,8.098584687720187
STEAP1B,chr7,22727613,0.0,0.0,0.0,0.0,0.0,0.0,False,False,False,14.020776046440572,0.6402733964248158,same_as_secretion,8.084179990367925
TMEM191C,chr22,21466423,0.0,0.0,0.0,0.0,0.0,0.0,False,False,False,0.7972171532846716,1.5920923859855158,inverse_repressor,8.068967514371414
NUCB2,chr11,17208072,0.0,0.0,0.0,0.0,0.0,0.0,False,False,False,1.2618301731244848,0.7295557215523069,same_as_secretion,8.056583648402821
AKTIP,chr16,53504411,240.83999999999997,91.03,-149.80999999999997,0.0,123.09,123.09,True,True,True,0.7442751074638531,1.2149223497636732,inverse_repressor,8.03785497672651
ATXN3,chr14,92106622,0.0,0.0,0.0,0.0,0.0,0.0,False,False,False,1.2264882560467851,0.7973563853847313,same_as_secretion,8.03106948190733
REEP6,chr19,1491034,0.0,0.0,0.0,0.0,0.0,0.0,False,False,False,0.7764985515858278,1.280234833659491,inverse_repressor,8.010484875022591
SYNPO,chr5,150601080,0.0,0.0,0.0,0.0,0.0,0.0,False,False,False,0.474247619047619,1.6364798166754806,inverse_repressor,8.002442499102635
CEP126,chr11,101915010,0.0,0.0,0.0,0.0,0.0,0.0,False,False,False,1.3748827758674589,0.5242836487907466,same_as_secretion,7.996092775271628
GBA2,chr9,35749986,0.0,0.0,0.0,0.0,0.0,0.0,False,False,False,0.7567755385684505,1.278334128119536,inverse_repressor,7.983860557823434
SNX8,chr7,2354318,0.0,0.0,0.0,0.0,0.0,0.0,False,False,False,0.7714763669760882,1.5765751715533376,inverse_repressor,7.982142151050192
CYTH3,chr7,6272650,0.0,0.0,0.0,0.0,0.0,0.0,False,False,False,1.711786174323744,0.7022880335399848,same_as_secretion,7.981746784885509
CLPTM1L,chr5,1345099,50.47,0.0,-50.47,0.0,0.0,0.0,True,True,False,0.7555520603963511,1.205865439907993,inverse_repressor,7.952936570450882
ANXA1,chr9,73148874,0.0,0.0,0.0,0.0,0.0,0.0,False,False,False,5.3618657467299125,0.7668363019508059,same_as_secretion,7.94300492500952
LIPM,chr10,88802730,76.65,0.0,-76.65,0.0,0.0,0.0,True,True,False,3.4820656871218665,0.750137892995036,same_as_secretion,7.931918540960938
ZNF354C,chr5,179060361,0.0,70.74,70.74,76.65,388.55,311.9,True,True,False,1.2681195148407451,0.612065422865127,same_as_secretion,7.9272706636294865
IFIT3,chr10,89327307,0.0,0.0,0.0,0.0,0.0,0.0,False,False,False,29.242201012106843,0.7039500201531641,same_as_secretion,7.926436036520576
NECTIN3,chr3,111070071,0.0,0.0,0.0,0.0,0.0,0.0,False,False,False,0.5973104857013163,1.2637213881368448,inverse_repressor,7.897545185916325
STK39,chr2,168247739,0.0,0.0,0.0,0.0,0.0,0.0,False,False,False,1.3063976031018678,0.6104247009407777,same_as_secretion,7.89481317574988
ARID5A,chr2,96536717,0.0,0.0,0.0,0.0,121.16,121.16,True,True,False,1.537135783660255,0.42229703280357,same_as_secretion,7.85039235690717
CCNQ,chrX,153600045,0.0,0.0,0.0,0.0,0.0,0.0,False,False,False,1.2767224116469125,0.7845133916732963,same_as_secretion,7.838986848552146
GPRC5B,chr16,19886173,0.0,0.0,0.0,0.0,0.0,0.0,False,False,False,1.3915689476027906,0.6681239453903972,same_as_secretion,7.837681162652134
PRRT2,chr16,29811382,0.0,0.0,0.0,0.0,0.0,0.0,False,False,False,0.5977239645361915,1.5274217272536244,inverse_repressor,7.819884095325747
TMEM129,chr4,1721358,98.86,0.0,-98.86,0.0,0.0,0.0,True,True,False,0.7541832301007675,1.2237863725419056,inverse_repressor,7.790909789278361
FERMT2,chr14,52952435,0.0,0.0,0.0,0.0,0.0,0.0,False,False,False,1.404315960912052,0.7973257036085485,same_as_secretion,7.746419383258742
GFUS,chr8,143618048,142.06,104.56,-37.5,151.62,483.33,331.71,True,True,False,0.7912723223844803,1.324918842967198,inverse_repressor,7.741469200534453
COQ8A,chr1,226938143,0.0,0.0,0.0,0.0,0.0,0.0,False,False,False,1.3481549392619756,0.793607026143791,same_as_secretion,7.732372271844759
TRIM4,chr7,99919601,0.0,0.0,0.0,0.0,0.0,0.0,False,False,False,1.2289763192243148,0.7756548536209552,same_as_secretion,7.714195315374042
MHENCR,chr20,63626148,0.0,0.0,0.0,0.0,0.0,0.0,False,False,False,0.5626540673788003,1.259182018306106,inverse_repressor,7.712357887332111
TBKBP1,chr17,47694030,1682.3200000000002,152.79,-1529.5300000000002,0.0,69.4,69.4,True,True,True,1.5968640933479188,0.5863730785209804,same_as_secretion,7.691554121178103
PHLDA3,chr1,201469237,73.47,0.0,-73.47,0.0,0.0,0.0,True,True,False,0.7912857651668054,1.2884760610179729,inverse_repressor,7.685259660264835
CXCL10,chr4,76023497,0.0,0.0,0.0,0.0,0.0,0.0,False,False,False,3.844471569524973,0.2641744548286604,same_as_secretion,7.674184755433973
PDZD4,chrX,153830930,0.0,0.0,0.0,0.0,0.0,0.0,False,False,False,1.229335077800103,0.4248057764372543,same_as_secretion,7.672190795171931
NME5,chr5,138139443,0.0,0.0,0.0,0.0,0.0,0.0,False,False,False,1.549767047861076,0.5069997292174383,same_as_secretion,7.667887328643066
DUSP16,chr12,12563147,0.0,0.0,0.0,0.0,0.0,0.0,False,False,False,1.2802287581699343,0.7958080890781071,same_as_secretion,7.649363543740449
LRRC24,chr8,144527033,0.0,0.0,0.0,0.0,0.0,0.0,False,False,False,0.6513635226419814,1.3378918068498125,inverse_repressor,7.62543099644704
ZNF22,chr10,45000293,0.0,0.0,0.0,0.0,0.0,0.0,False,False,False,1.3855611601513242,0.7295350119463335,same_as_secretion,7.621974707876197
FAM86JP,chr3,125916624,678.02,408.42,-269.59999999999997,0.0,913.51,913.51,True,True,True,1.5728070558442124,0.4699015793087663,same_as_secretion,7.614542726040856
OPN3,chr1,241677376,0.0,0.0,0.0,0.0,0.0,0.0,False,False,False,1.205128205128205,0.7541635595326871,same_as_secretion,7.573115857461014
RNY1,chr7,148987248,0.0,0.0,0.0,0.0,0.0,0.0,False,False,False,0.7349665924276169,1.4955408774319563,inverse_repressor,7.559969253357551
SYT1,chr12,78863650,0.0,0.0,0.0,0.0,0.0,0.0,False,False,False,1.3164869721473496,0.7828423009345319,same_as_secretion,7.543638448613839
CYSTM1,chr5,140175072,89.22,62.56,-26.659999999999997,0.0,0.0,0.0,True,False,False,0.7000183812266406,1.2541846734433015,inverse_repressor,7.488240696669431
EEF1A2,chr20,63500533,59.23,0.0,-59.23,0.0,0.0,0.0,True,True,False,0.7723086840408877,1.2028317788515566,inverse_repressor,7.473299159560019
GPR161,chr1,168137685,0.0,0.0,0.0,0.0,0.0,0.0,False,False,False,0.6702205583136649,1.760158137491764,inverse_repressor,7.469643027038892
LINC02893,chr9,87042419,0.0,0.0,0.0,0.0,0.0,0.0,False,False,False,1.3614847607696237,0.5941187148302778,same_as_secretion,7.458177354442329
SPATA17,chr1,217631324,0.0,0.0,0.0,0.0,0.0,0.0,False,False,False,1.2031289007239745,0.6851436505393571,same_as_secretion,7.45004963678546
DHCR24,chr1,54887207,0.0,0.0,0.0,0.0,0.0,0.0,False,False,False,0.7648625792811838,1.2214552926919224,inverse_repressor,7.432342440403211
PIP5KL1,chr9,127930785,76.0,0.0,-76.0,0.0,0.0,0.0,True,True,False,1.4529760834382306,0.623029206513311,same_as_secretion,7.396763083839934
INPP5E,chr9,136439882,0.0,0.0,0.0,0.0,0.0,0.0,False,False,False,0.6862208317038196,1.31436538506983,inverse_repressor,7.358066684015858
DOCK8,chr9,214854,0.0,0.0,0.0,0.0,0.0,0.0,False,False,False,1.614354440254843,0.4183693495279007,same_as_secretion,7.348274136983663
SAMD15,chr14,77376689,238.32,0.0,-238.32,0.0,0.0,0.0,True,True,False,1.3095076400679115,0.6443577981651378,same_as_secretion,7.343192624092884
RNF24,chr20,4015591,0.0,0.0,0.0,0.0,0.0,0.0,False,False,False,1.2208780753024329,0.7479260089686097,same_as_secretion,7.313416763661412
AEBP2,chr12,19404045,0.0,0.0,0.0,0.0,0.0,0.0,False,False,False,1.308073841458046,0.7483748886910063,same_as_secretion,7.310925165859043
BEST1,chr11,61950063,0.0,0.0,0.0,0.0,0.0,0.0,False,False,False,1.274245518493306,0.7533412887828163,same_as_secretion,7.262339344176919
SLC39A10,chr2,195575977,0.0,0.0,0.0,0.0,0.0,0.0,False,False,False,1.3216339823990024,0.7615940258924521,same_as_secretion,7.231030356036201
FRMD3-AS1,chr9,83219281,55.78,0.0,-55.78,0.0,0.0,0.0,True,True,False,1.7490348477488304,0.6212458877215323,same_as_secretion,7.226469625211672
MIR34AHG,chr1,9202826,0.0,0.0,0.0,0.0,0.0,0.0,False,False,False,0.6145117338430879,1.5343355141587176,inverse_repressor,7.209040194102215
EIF2B4,chr2,27370400,0.0,0.0,0.0,0.0,119.41,119.41,True,True,False,0.7660200294138245,1.226389560173997,inverse_repressor,7.191415527236822
ANTKMT,chr16,720581,0.0,0.0,0.0,0.0,0.0,0.0,False,False,False,0.7722623345367027,1.347636286201022,inverse_repressor,7.183655356095634
DOCK11,chrX,118495814,0.0,0.0,0.0,0.0,0.0,0.0,False,False,False,0.7110952720361131,1.2885169365252809,inverse_repressor,7.17813709916638
SLC5A12,chr11,26723427,0.0,0.0,0.0,0.0,0.0,0.0,False,False,False,1.4137778670415748,0.4162405219538,same_as_secretion,7.176610083282444
GANC,chr15,42273201,0.0,0.0,0.0,0.0,63.33,63.33,True,True,False,1.7055393586005831,0.6462542351612499,same_as_secretion,7.148044419896924
MAPK8IP2,chr22,50600677,0.0,0.0,0.0,0.0,0.0,0.0,False,False,False,1.6653997747747746,0.5271321087806313,same_as_secretion,7.13079458831277
ZBTB47,chr3,42652900,0.0,0.0,0.0,0.0,0.0,0.0,False,False,False,0.5565973406068871,1.3365719134493002,inverse_repressor,7.126237279842386
SHFL,chr19,10086122,85.41,52.66,-32.75,0.0,202.14,202.14,True,True,False,1.7234872631766838,0.6127737226277372,same_as_secretion,7.122862384578907
G6PD,chrX,154547584,1482.7400000000002,158.43,-1324.3100000000002,0.0,939.0899999999999,939.0899999999999,True,True,True,1.2285859097820575,0.7970529741457242,same_as_secretion,7.109750371206378
TSPAN12,chr7,120858402,0.0,0.0,0.0,0.0,0.0,0.0,False,False,False,1.2239281033514324,0.6603673938002297,same_as_secretion,7.082941596811895
BCAP29,chr7,107579957,0.0,0.0,0.0,0.0,0.0,0.0,False,False,False,1.250229990800368,0.7881371446504696,same_as_secretion,7.071736685954905
S100A10,chr1,151993859,135.39,0.0,-135.39,0.0,0.0,0.0,True,True,False,0.7656710722586464,1.2515420899854863,inverse_repressor,7.048934321989611
PPARGC1A,chr4,23904089,0.0,0.0,0.0,0.0,0.0,0.0,False,False,False,0.1148623511904761,1.4281428961003546,inverse_repressor,7.044958353673177
PRKACB,chr1,84078062,0.0,0.0,0.0,0.0,0.0,0.0,False,False,False,1.269101223187378,0.7474561634063004,same_as_secretion,7.036798144667334
LTC4S,chr5,179793980,0.0,0.0,0.0,0.0,0.0,0.0,False,False,False,0.6070022205773501,1.2801810335754131,inverse_repressor,7.010867471259981
GSN-AS1,chr9,121285530,0.0,0.0,0.0,0.0,0.0,0.0,False,False,False,0.6580944216909547,1.248706612736337,inverse_repressor,7.009131732354991
ALDH1A3,chr15,100861924,0.0,0.0,0.0,0.0,0.0,0.0,False,False,False,0.7660633484162896,1.5266832143965252,inverse_repressor,7.003697948626275
CAMKK1,chr17,3894891,0.0,0.0,0.0,0.0,0.0,0.0,False,False,False,1.4135864135864136,0.6990970194853691,same_as_secretion,6.986190630823183
ABCA7,chr19,1039997,0.0,0.0,0.0,0.0,0.0,0.0,False,False,False,0.5931986809563067,1.315401550684407,inverse_repressor,6.953659537393024
PARP2,chr14,20343601,0.0,0.0,0.0,0.0,0.0,0.0,False,False,False,1.5045707115970604,0.6932759719566602,same_as_secretion,6.94334479014539
KCNJ4,chr22,38455639,0.0,0.0,0.0,0.0,0.0,0.0,False,False,False,4.273574127779242,0.2774536647009268,same_as_secretion,6.931345301763629
PARP10,chr8,144019930,0.0,0.0,0.0,0.0,0.0,0.0,False,False,False,1.5543689320388347,0.6841846758349703,same_as_secretion,6.927849416438837
PCBP4,chr3,51974016,0.0,0.0,0.0,0.0,0.0,0.0,False,False,False,0.6835196181161952,1.318554790894653,inverse_repressor,6.898849347879748
BDKRB2,chr14,96204526,0.0,0.0,0.0,0.0,0.0,0.0,False,False,False,1.3445272326582014,0.4725120697710637,same_as_secretion,6.897596002497334
JADE3,chrX,46912276,0.0,0.0,0.0,0.0,0.0,0.0,False,False,False,1.2498787290807662,0.7318032786885246,same_as_secretion,6.894862851648237
EPB41L2,chr6,131063361,0.0,0.0,0.0,0.0,0.0,0.0,False,False,False,0.799552489278389,1.653316645807259,inverse_repressor,6.892152516282105
RPPH1,chr14,20343407,0.0,0.0,0.0,0.0,0.0,0.0,False,False,False,1.5087463556851313,0.6924552287071523,same_as_secretion,6.881061044218858
SLC22A17,chr14,23352912,0.0,0.0,0.0,0.0,0.0,0.0,False,False,False,1.3501702610669692,0.7119668246445496,same_as_secretion,6.822506199908847
LEPR,chr1,65420652,0.0,0.0,0.0,0.0,0.0,0.0,False,False,False,0.7462646020103232,1.267722790784616,inverse_repressor,6.820764033885704
VWA5A,chr11,124115404,0.0,0.0,0.0,0.0,0.0,0.0,False,False,False,1.6521114965905013,0.7973317290678745,same_as_secretion,6.784909454167444
TFDP2,chr3,142149544,0.0,0.0,0.0,0.0,0.0,0.0,False,False,False,1.3238309047780412,0.7618440779610195,same_as_secretion,6.775201422960073
BRICD5,chr16,2210905,0.0,0.0,0.0,0.0,0.0,0.0,False,False,False,0.6531643576826197,1.3219294190167976,inverse_repressor,6.770228939866169
DAGLA,chr11,61680391,0.0,0.0,0.0,0.0,85.49,85.49,True,True,False,0.6584204776026221,1.3261723485766936,inverse_repressor,6.724724340187784
C6orf132,chr6,42142620,66.58,0.0,-66.58,0.0,142.02,142.02,True,True,True,1.2975769813225644,0.69237870330614,same_as_secretion,6.671604572020902
DGCR5,chr22,18969692,0.0,0.0,0.0,0.0,0.0,0.0,False,False,False,1.4034386245501798,0.4812239221140473,same_as_secretion,6.6645056095763575
PRKAR1B,chr7,728268,0.0,0.0,0.0,0.0,0.0,0.0,False,False,False,1.247099175363059,0.690770533446232,same_as_secretion,6.658204555452166
SDR9C7,chr12,56934408,0.0,0.0,0.0,0.0,391.46,391.46,True,True,False,17.724859035419062,0.3767847859989603,same_as_secretion,6.624791964796155
PCDHA13,chr5,140882124,0.0,0.0,0.0,0.0,0.0,0.0,False,False,False,1.4500548847420416,0.6328902392707937,same_as_secretion,6.601319320005739
ZNF713,chr7,55887456,0.0,0.0,0.0,0.0,0.0,0.0,False,False,False,1.2567952567952567,0.6417320760680609,same_as_secretion,6.583518497114044
CAPN1,chr11,65180566,66.54,99.22,32.67999999999999,0.0,0.0,0.0,True,False,False,0.7880400326057422,1.3024453024453029,inverse_repressor,6.581634668481335
FBXL6,chr8,144359376,0.0,0.0,0.0,0.0,0.0,0.0,False,False,False,0.7151952981510958,1.3753563283922463,inverse_repressor,6.578225900043351
DENND2B,chr11,8910951,0.0,0.0,0.0,0.0,0.0,0.0,False,False,False,1.583910089529494,0.6267629698664181,same_as_secretion,6.525772370406292
FOXO3B,chr17,18682314,0.0,0.0,0.0,0.0,0.0,0.0,False,False,False,1.2134347445648517,0.7787721034289894,same_as_secretion,6.5190493243631895
LZTS3,chr20,3174504,0.0,0.0,0.0,0.0,0.0,0.0,False,False,False,1.348482150805662,0.7518961107681453,same_as_secretion,6.504552956674992
FTH1,chr11,61967634,0.0,0.0,0.0,0.0,326.97,326.97,True,True,False,1.2923884831291124,0.7854874306938686,same_as_secretion,6.421825256999343
GOLGA2P10,chrHSCHR15_5_CTG8,267008,0.0,0.0,0.0,0.0,0.0,0.0,False,False,False,0.7636085002043318,1.2865609203416422,inverse_repressor,6.408036687886909
GJB5,chr1,34755034,0.0,0.0,0.0,0.0,0.0,0.0,False,False,False,5.6357230392156845,0.3994100515271451,same_as_secretion,6.407385175336298
RELL2,chr5,141636950,0.0,0.0,0.0,0.0,0.0,0.0,False,False,False,0.5127353501163529,1.307399577167019,inverse_repressor,6.407048453763332
NCK1,chr3,136862177,0.0,0.0,0.0,0.0,0.0,0.0,False,False,False,1.212347620920173,0.781870987465607,same_as_secretion,6.386606048742554
PCDHGB1,chr5,141350099,0.0,0.0,0.0,0.0,0.0,0.0,False,False,False,1.9710183999460809,0.739193783389995,same_as_secretion,6.369177302751842
ANG,chr14,20682950,0.0,0.0,0.0,0.0,0.0,0.0,False,False,False,1.8099427262313856,0.6347942613905093,same_as_secretion,6.369002905828152
FHIP1A,chr4,151409118,0.0,0.0,0.0,0.0,0.0,0.0,False,False,False,1.388974134151688,0.7940154148405623,same_as_secretion,6.358555779795653
CHST14,chr15,40470984,0.0,0.0,0.0,0.0,0.0,0.0,False,False,False,0.7617908487534886,1.3397827057597858,inverse_repressor,6.348447734953137
DBNDD1,chr16,90019890,0.0,0.0,0.0,0.0,0.0,0.0,False,False,False,0.7853677362443489,1.2374940067124822,inverse_repressor,6.314721301640248
FAM117B,chr2,202634969,0.0,0.0,0.0,0.0,0.0,0.0,False,False,False,1.2700116009280746,0.5950337647720878,same_as_secretion,6.310365883284024
PRSS27,chr16,2721166,514.29,0.0,-514.29,0.0,265.04,265.04,True,True,True,0.4657521549726574,1.449053894672068,inverse_repressor,6.284952470314826
DISP1,chr1,222814730,0.0,0.0,0.0,0.0,0.0,0.0,False,False,False,0.7996926945104065,1.26363020656959,inverse_repressor,6.259578132532173
WDR90,chr16,649287,477.22,53.33,-423.89000000000004,0.0,175.91000000000003,175.91000000000003,True,True,True,0.5577889447236182,1.2011460476050546,inverse_repressor,6.258977189524843
MAP1A,chr15,43510958,0.0,0.0,0.0,0.0,0.0,0.0,False,False,False,1.980815087795361,0.691957153231663,same_as_secretion,6.227846996633703
PCDHGB2,chr5,141359994,0.0,0.0,0.0,0.0,0.0,0.0,False,False,False,1.700845907636031,0.4221847012186169,same_as_secretion,6.22128628345668
LGMN,chr14,92751131,0.0,0.0,0.0,0.0,68.56,68.56,True,True,False,1.2117313820370588,0.797111609646663,same_as_secretion,6.213658371095233
CDC42EP1,chr22,37555112,420.75,119.95,-300.8,0.0,0.0,0.0,True,True,False,1.215876485858724,0.7757377536608934,same_as_secretion,6.212133265130363
ITGA2B,chr17,44389649,0.0,0.0,0.0,0.0,0.0,0.0,False,False,False,1.5138981915606162,0.3202569292411913,same_as_secretion,6.201905982107874
MIR23AHG,chrHG109_PATCH,54769,0.0,0.0,0.0,0.0,0.0,0.0,False,False,False,0.6524148108398177,1.3107469879518072,inverse_repressor,6.195704654813858
DUSP19,chr2,183078559,0.0,0.0,0.0,0.0,0.0,0.0,False,False,False,1.5312467067130362,0.6856794472293728,same_as_secretion,6.155551704694322
HBA2,chr16,172876,60.46,0.0,-60.46,0.0,0.0,0.0,True,True,False,1.3988771380075726,0.4057462513653966,same_as_secretion,6.1518395290488295
LRRIQ3,chr1,74198187,0.0,0.0,0.0,0.0,0.0,0.0,False,False,False,1.6819838979188817,0.6008710801393727,same_as_secretion,6.148833189038927
LCAT,chr16,67944131,219.55,69.06,-150.49,0.0,0.0,0.0,True,True,False,0.4335358444714459,1.3301372848115058,inverse_repressor,6.087962182604487
FBXL19-AS1,chr16,30923279,159.87,198.84,38.97,178.17,1262.57,1084.3999999999999,True,True,False,0.6513132483584396,1.2861665387567154,inverse_repressor,6.072930567065189
RESF1,chr12,31959370,0.0,0.0,0.0,0.0,0.0,0.0,False,False,False,1.2871804618454814,0.7946091494559182,same_as_secretion,6.035844168459704
KIZ,chr20,21125975,0.0,0.0,0.0,0.0,0.0,0.0,False,False,False,1.213985889077431,0.7357734902834854,same_as_secretion,6.025735392063444
SMOX,chr20,4120980,0.0,0.0,0.0,0.0,0.0,0.0,False,False,False,1.7921999698840534,0.2210277725297562,same_as_secretion,5.998878980006883
ENTREP1,chr9,69324567,0.0,0.0,0.0,0.0,0.0,0.0,False,False,False,0.6283940298507463,4.460748851305113,inverse_repressor,5.98167062901357
RSPH1,chr21,42496366,0.0,0.0,0.0,0.0,0.0,0.0,False,False,False,1.2917863633698772,0.5914222242372036,same_as_secretion,5.979840844842179
RNU6ATAC,chr9,134164564,0.0,0.0,0.0,0.0,0.0,0.0,False,False,False,0.6912089752176825,1.8705821589316016,inverse_repressor,5.975412175848376
MIR663A,chr20,26208278,72.84,94.73,21.89,90.93,208.68,117.75,True,True,False,0.4173097220593409,2.231378710885264,inverse_repressor,5.973378806665164
CDK18,chr1,205504561,0.0,0.0,0.0,0.0,0.0,0.0,False,False,False,1.3273571912132034,0.5416223875309953,same_as_secretion,5.9242643177176575
MTMR9LP,chr1,32241592,0.0,0.0,0.0,0.0,0.0,0.0,False,False,False,0.5305857235681798,1.424097195947366,inverse_repressor,5.9204230544554
PCDH18,chr4,137532494,0.0,0.0,0.0,0.0,0.0,0.0,False,False,False,0.4513002972776855,1.3361566966649023,inverse_repressor,5.917339979101118
PARP8,chr5,50665899,0.0,0.0,0.0,0.0,0.0,0.0,False,False,False,1.2014371812702829,0.2179712694224568,same_as_secretion,5.878349731595415
AK7,chr14,96392128,0.0,0.0,0.0,0.0,0.0,0.0,False,False,False,1.7962607024287962,0.5535879273175238,same_as_secretion,5.877508838896115
GSN,chr9,121201324,0.0,0.0,0.0,0.0,0.0,0.0,False,False,False,0.7584140156754264,1.2303620580139742,inverse_repressor,5.8588123907655305
CLDND1,chr3,98523066,90.42,0.0,-90.42,0.0,0.0,0.0,True,True,False,1.267057444314185,0.713309647444657,same_as_secretion,5.833290052900121
SNORD35A,chr19,49491175,0.0,0.0,0.0,0.0,0.0,0.0,False,False,False,0.7213707399736395,1.5004169509514065,inverse_repressor,5.823320900014576
TICAM2,chr5,115602479,72.54,0.0,-72.54,0.0,0.0,0.0,True,True,False,1.259517475460967,0.5942608063930258,same_as_secretion,5.815672068374084
CHST8,chr19,33621942,906.78,145.13,-761.65,0.0,786.79,786.79,True,True,True,1.4310210444271236,0.2899896800825594,same_as_secretion,5.797303313446989
PODXL2,chr3,127629143,0.0,0.0,0.0,0.0,0.0,0.0,False,False,False,1.4261258314251446,0.7703098193561408,same_as_secretion,5.780542839509151
OAF,chr11,120211032,0.0,0.0,0.0,0.0,0.0,0.0,False,False,False,1.5788169515216977,0.5917501927525057,same_as_secretion,5.780425043862434
OVGP1,chr1,111427735,0.0,0.0,0.0,0.0,0.0,0.0,False,False,False,1.306816479400749,0.5174455732946299,same_as_secretion,5.764867334520309
CASC9,chr8,75352327,0.0,0.0,0.0,0.0,0.0,0.0,False,False,False,1.3267560422960725,0.7517831669044223,same_as_secretion,5.702007996384448
ACOT4,chr14,73591873,59.1,0.0,-59.1,0.0,0.0,0.0,True,True,False,0.7733572476765042,1.2987040577862756,inverse_repressor,5.698514206111195
SNORA71C,chr20,38429803,0.0,0.0,0.0,0.0,0.0,0.0,False,False,False,1.273102218258834,0.508437123342708,same_as_secretion,5.695096149859013
DNAI4,chr1,66924890,0.0,0.0,0.0,0.0,0.0,0.0,False,False,False,1.2294583079732198,0.5507096224808401,same_as_secretion,5.693049014492478
SYT10,chr12,33439819,0.0,0.0,0.0,0.0,0.0,0.0,False,False,False,0.6091874856510759,6.6093138997511565,inverse_repressor,5.684476092512515
FBLN5,chr14,91948064,0.0,0.0,0.0,0.0,0.0,0.0,False,False,False,5.000834956860562,0.52350787339668,same_as_secretion,5.672587578662063
RAB7A,chr3,128693669,0.0,0.0,0.0,0.0,0.0,0.0,False,False,False,1.2335553029072603,0.7718419947676108,same_as_secretion,5.64479935494588
TUB,chr11,8019244,0.0,0.0,0.0,0.0,0.0,0.0,False,False,False,1.6470943092700578,0.707226829012281,same_as_secretion,5.619200632785503
VEGFC,chr4,176792922,0.0,0.0,0.0,0.0,0.0,0.0,False,False,False,0.6493120528343425,1.3619541080680977,inverse_repressor,5.533937720088227
KCNH3,chr12,49539028,170.79,50.2,-120.58999999999999,0.0,69.26,69.26,True,True,True,1.402023429179979,0.672201300924341,same_as_secretion,5.5068247127051375
C1S,chr12,6988259,0.0,0.0,0.0,0.0,0.0,0.0,False,False,False,3.638795986622074,0.1641725742135578,same_as_secretion,5.469950387633777
SNHG19,chr16,2155672,76.16,69.06,-7.099999999999994,95.59,510.23,414.64,True,True,False,0.7660480349344977,1.4845235798351752,inverse_repressor,5.4434827962586745
F3,chr1,94541851,0.0,0.0,0.0,0.0,0.0,0.0,False,False,False,1.5252399573409172,0.758034072209854,same_as_secretion,5.417354892539605
ANO8,chr19,17334855,180.38,54.48,-125.9,0.0,155.02,155.02,True,True,True,0.6880563920971638,1.224592950438361,inverse_repressor,5.39469219760062
CCN1,chr1,85580756,0.0,0.0,0.0,0.0,0.0,0.0,False,False,False,0.6652259817238825,1.2614885982173862,inverse_repressor,5.346707810874936
EMID1,chr22,29205809,0.0,0.0,0.0,0.0,0.0,0.0,False,False,False,1.2369970559371932,0.7295997391375234,same_as_secretion,5.338949846584104
SEMA4F,chr2,74654226,0.0,0.0,0.0,0.0,0.0,0.0,False,False,False,1.2123887470471737,0.799186101111285,same_as_secretion,5.318098314651563
ARMC3,chr10,22928024,0.0,0.0,0.0,0.0,0.0,0.0,False,False,False,2.819320214669052,0.4176826196473551,same_as_secretion,5.305173066039403
B4GALNT3,chr12,459923,180.26,0.0,-180.26,0.0,0.0,0.0,True,True,False,1.250306201981962,0.5900101365195074,same_as_secretion,5.304547743323097
ZNF10,chr12,133130349,0.0,0.0,0.0,0.0,64.01,64.01,True,True,False,1.4751835907824764,0.7783118529473906,same_as_secretion,5.200108596640755
SIRPA,chr20,1892726,0.0,0.0,0.0,0.0,0.0,0.0,False,False,False,1.9007490636704123,0.780227369315767,same_as_secretion,5.19766316084676
PPP1R14B-AS1,chr11,64245837,0.0,0.0,0.0,0.0,0.0,0.0,False,False,False,0.71589224371723,1.34960362400906,inverse_repressor,5.189947519564033
MLF1-DT,chr3,158571080,0.0,0.0,0.0,0.0,0.0,0.0,False,False,False,1.3045928430543818,0.7775011066843736,same_as_secretion,5.163389439981914
CFAP73,chr12,113149716,0.0,0.0,0.0,0.0,0.0,0.0,False,False,False,1.2411091768216862,0.7566631773894839,same_as_secretion,5.162226355641099
PUS1-AS1,chr12,131929646,0.0,0.0,0.0,0.0,0.0,0.0,False,False,False,2.6040544510821664,0.5762669143008756,same_as_secretion,5.094520249738173
ATPAF2,chr17,18039209,0.0,0.0,0.0,0.0,0.0,0.0,False,False,False,0.7946417026558742,1.2116307477532502,inverse_repressor,5.053746160772906
SHANK3,chr22,50674408,0.0,0.0,0.0,0.0,0.0,0.0,False,False,False,1.358252834943301,0.2558246765575415,same_as_secretion,4.999100716179141
PRICKLE1,chr12,42590355,0.0,0.0,0.0,0.0,0.0,0.0,False,False,False,0.6316890187226134,1.6495215617865115,inverse_repressor,4.966073785538056
DDX11L10,chr16,10661,378.34,131.25,-247.08999999999997,0.0,0.0,0.0,True,True,False,0.5983321751216122,1.2230494441291355,inverse_repressor,4.962501642256646
HBA1,chr16,176680,60.46,0.0,-60.46,0.0,0.0,0.0,True,True,False,1.413224743067675,0.4293659621802002,same_as_secretion,4.829827113145674
NAP1L2,chrX,73215239,0.0,0.0,0.0,0.0,0.0,0.0,False,False,False,1.548563437579456,0.4884583982780375,same_as_secretion,4.811976800535256
DCP1B,chr12,2004535,0.0,0.0,0.0,0.0,0.0,0.0,False,False,False,1.218952653231992,0.7702736164417482,same_as_secretion,4.771819651538333
KLRG2,chr7,139483674,0.0,0.0,0.0,0.0,0.0,0.0,False,False,False,1.6025088934656433,0.7682124243922851,same_as_secretion,4.59133017100724
MIR3648-2,chr21,8986999,405.01,801.05,396.03999999999996,789.98,3317.71,2527.73,True,True,False,0.5947801625338612,1.5836524783893204,inverse_repressor,4.575802424562761
COPZ2,chr17,48038030,0.0,0.0,0.0,0.0,0.0,0.0,False,False,False,0.7614066641423705,1.4067295960958068,inverse_repressor,4.529300035829758
