marker_a,marker_b,colocalization_score,jaccard_index,co_occurrence_spots,co_occurrence_fraction,pearson_r,spearman_rho,correlation_pvalue,neighbor_enrichment_ab,neighbor_enrichment_ba,neighbor_enrichment_pvalue,mutual_neighbor_enrichment
CD20,CD45RA,0.9158118101439071,0.4830985260612824,10390,0.08856270989958916,0.866057420861013,0.6931571179912133,0.0,4.680585902705524,4.69735765705718,0.005,4.688971779881352
HLA-DR,CD68,0.8296233849561577,0.5791307636206477,21440,0.1827511549804804,0.6639106194098907,0.7456225975246151,0.0,1.4329498538411325,1.436291002145104,0.005,1.4346204279931183
CD45RO,CD45,0.8295956058003296,0.56500404421677,20956,0.17862561584752554,0.6711966538576107,0.6796978038651297,0.0,1.5746692517287293,1.5674632924464014,0.005,1.5710662720875654
CD8A,PD-1,0.8248529561039333,0.5189811493053291,15913,0.1356398847576672,0.7017421686043257,0.6314322534069269,0.0,1.6946071447822526,1.6936978884932188,0.005,1.6941525166377356
CD68,CD16,0.8052445086276465,0.5631104332236226,21044,0.17937571387169915,0.559324590643554,0.6907601769150483,0.0,1.509430594399963,1.5013349943194512,0.005,1.5053827943597071
CD3E,CD45,0.7953001242641379,0.5223256055723048,20097,0.171303636270649,0.5595835037348755,0.5951598034758904,0.0,1.530356832462596,1.522897637776768,0.005,1.526627235119682
CD3E,CD45RO,0.7912854821220802,0.5705157709489644,21072,0.1796143814248453,0.5359420552155987,0.6413152311794503,0.0,1.5391276510444392,1.5397413457206166,0.005,1.5394344983825279
CD8A,CD45RO,0.785945899966946,0.5249967092273266,19942,0.16998244088716138,0.5438693180325489,0.6330940533774589,0.0,1.5716816208701412,1.574068536866598,0.005,1.5728750788683696
CD8A,CD45,0.7858147127091122,0.44498517786561265,18013,0.15353995124362843,0.5846711510078549,0.6103912220870362,0.0,1.4778780985545892,1.473022733264769,0.005,1.475450415909679
CD3E,CD8A,0.7827428737670362,0.5524806119196856,20802,0.1773129443052217,0.5419087588696537,0.6967489360532363,0.0,1.5724695417146688,1.5715081618432334,0.005,1.571988851778951
CD68,CD163,0.7802967959676533,0.5800330703965737,21398,0.18239315365076117,0.5242383276534625,0.7453064638164252,0.0,1.417794214910411,1.4107407872182243,0.005,1.4142675010643178
LAG-3,PD-1,0.7684405151876337,0.5125701912137116,13966,0.11904396597282599,0.49388680463763457,0.675683376406128,0.0,1.6731404451840606,1.670346276852413,0.005,1.6717433610182368
HLA-DR,CD16,0.763233661783643,0.4862315145334013,19070,0.16254965137489558,0.48722323870154094,0.608371230831936,0.0,1.4282339093227,1.4238511008203782,0.005,1.426042505071539
PTEN,Vimentin,0.7573383361081285,0.2966290136084675,13340,0.11370804139177279,0.3627885288120229,0.47578124483891365,0.0,1.2669231114144153,1.299521086590279,0.005,1.283222099002347
Beta-catenin,CD31,0.7537351632484655,0.34777484563552047,13574,0.1157026202287799,0.593816556842221,0.40294402775850585,0.0,1.3526592720481023,1.3536745250900855,0.005,1.353166898569094
PD-1,CD45RO,0.7492418909505949,0.4719509860233582,14790,0.12606761110826983,0.4964768265438979,0.6131173809382376,0.0,1.532887909001945,1.5344373398238638,0.005,1.5336626244129044
HLA-DR,CD45,0.7419856990389495,0.2428583574222071,11426,0.09739340936599669,0.31674050381630625,0.6045670320820118,0.0,1.3285192090802407,1.3063493154625945,0.005,1.3174342622714175
HLA-DR,CD163,0.7396577775296274,0.4922646689073043,19187,0.16354694079339913,0.4415382259214997,0.6351967534750922,0.0,1.3606906511855872,1.3587209141412586,0.005,1.359705782663423
LAG-3,CD8A,0.7349054574268391,0.48202404249370984,17242,0.14696806969092552,0.4273584110645025,0.569242742999871,0.0,1.4844167887851003,1.4786468874171041,0.005,1.4815318381011022
E-Cadherin,CD45,0.730525481985103,0.29404130585576516,13141,0.11201179699619837,0.36946111742813664,0.4206552128328783,0.0,1.2903559081651899,1.2855657932815558,0.005,1.2879608507233729
CD45RA,CD45,0.7289659593001387,0.30462615005831284,11754,0.10018922927428016,0.3996555528971236,0.3957702766732718,0.0,2.0576939711287943,2.0454113520914214,0.005,2.051552661610108
CD163,CD16,0.7280604183206612,0.49862045847193215,19337,0.16482551697096778,0.40172822568901345,0.634167615720815,0.0,1.3835131741646107,1.384606113634869,0.005,1.38405964389974
CD4,CD3E,0.7231435431653581,0.2771668012361834,9955,0.08485483898464004,0.38165349305664986,0.3613108287316646,0.0,1.8178011940383334,1.8202796261361627,0.005,1.819040410087248
PD-1,CD45,0.7050722153748683,0.3456484149855908,11994,0.10223495115839001,0.4492919059885668,0.4478827801557336,0.0,1.383609947037825,1.3795886282203078,0.005,1.3815992876290664
E-Cadherin,Vimentin,0.7018481172232338,0.2654277699859748,12112,0.10324076441807736,0.2885937410259687,0.3783431276956554,0.0,1.1720830236031206,1.2087082721229676,0.005,1.1903956478630442
alphaSMA,Vimentin,0.697322392006381,0.286854170340328,13014,0.11092926916585691,0.31757587483494043,0.3684916782406791,0.0,1.3239652468371381,1.3734194722866062,0.005,1.348692359561872
LAG-3,CD45RO,0.6961724112091628,0.42163624070317784,15590,0.13288668405530268,0.3281370085318713,0.521855646073574,0.0,1.3696027958444965,1.364851117337405,0.005,1.3672269565909507
CD4,CD45RO,0.6947089885131108,0.2945727581579924,10318,0.0879489933343562,0.3550300869650808,0.394034857002444,0.0,1.600057115712269,1.597402126490143,0.005,1.598729621101206
CD4,CD45,0.6934508151719336,0.2699084446657262,9758,0.0831756422714332,0.3290592935869959,0.3831645424672686,0.0,1.6782532471077949,1.6667294097010368,0.005,1.6724913284044158
Beta-catenin,PTEN,0.6872430099430545,0.3532842234499693,13812,0.11773129443052217,0.31423474483597746,0.41099456725249256,0.0,1.3870788146643855,1.3902960473169137,0.005,1.3886874309906496
alphaSMA,PTEN,0.6865684004823445,0.34486022299683744,14939,0.1273376634446547,0.2849863489416158,0.3854416647986414,0.0,1.414088327642002,1.4268456331987227,0.005,1.4204669804203625
CD20,CD45,0.6791487775783114,0.20536518033967474,6844,0.05833716906186604,0.3089239481077029,0.3025071589810898,0.0,2.387971268983707,2.373624968050796,0.005,2.3807981185172515
Beta-catenin,alphaSMA,0.6774084777708853,0.32580895417803246,13019,0.11097188837177585,0.2622257848340639,0.3450052311128543,0.0,1.5200579988671634,1.5075240154124103,0.005,1.5137910071397869
CD31,PTEN,0.6729196437028844,0.29346174472649267,13133,0.11194360626672804,0.2930313527478771,0.2953660355764127,0.0,1.288429981550402,1.300558907893137,0.005,1.2944944447217694
CD3E,PD-1,0.6725619559876354,0.41468813487370754,13676,0.11657205202952658,0.34049052602232355,0.4929140348351947,0.0,1.3573898984771298,1.3594954511955555,0.005,1.3584426748363425
CD45RO,E-Cadherin,0.6665343695808477,0.2551727161143258,11642,0.09923455906169557,0.23375704807465625,0.2923122375999169,0.0,1.3249739721508624,1.3245828345148118,0.005,1.3247784033328371
HLA-DR,E-Cadherin,0.6592251482623533,0.23280411974614842,10895,0.09286724969740363,0.18998943156455025,0.27738078381187503,0.0,1.2316199531803016,1.2120868427371105,0.005,1.221853397958706
LAG-3,CD45,0.6586833371490599,0.35148678554167834,13818,0.11778243747762492,0.28991810712863203,0.41711702937234424,0.0,1.2387287918077436,1.227807134316492,0.005,1.2332679630621177
PCNA,Vimentin,0.6509857358749207,0.22314293545870495,10583,0.09020781124806082,0.12902006851820158,0.2792418159478056,0.0,1.2204217575439789,1.2107712883943718,0.005,1.2155965229691752
CD3E,E-Cadherin,0.649910159200258,0.21954462005950748,10404,0.08868204367616223,0.18615491008088414,0.23823219236199406,0.0,1.2374309052373902,1.2372716465149451,0.005,1.2373512758761676
Beta-catenin,Vimentin,0.6497595471235951,0.2439773873472356,10401,0.08865647215261085,0.2031390080610571,0.27199865643307,0.0,1.254746289585435,1.294021042204104,0.005,1.2743836658947696
E-Cadherin,PTEN,0.64889064047251,0.1936773632201529,9349,0.07968939122726265,0.0914075613714622,0.2594015678108035,4.576975697850201e-216,1.150767064239276,1.1650065250135284,0.005,1.1578867946264022
CD68,CD45,0.6484736145309316,0.17327059765742317,8654,0.07376532160452787,0.17507090177246687,0.3764310024812271,0.0,1.086663644870258,1.0618186945498904,0.005,1.0742411697100742
PCNA,PTEN,0.639206874769262,0.18916142816056536,9208,0.07848752962034812,0.078813574653813,0.26786009985344283,5.464327094491289e-161,1.239535086785887,1.1897699350619322,0.005,1.2146525109239095
CD31,alphaSMA,0.6388122938170647,0.25373166616190024,11729,0.09997613324468539,0.1386788260133232,0.21650660710608258,0.0,1.3238444969828076,1.3182556682263014,0.005,1.3210500826045544
CD68,E-Cadherin,0.6374966061928797,0.22182071763661723,10497,0.0894747609062548,0.15202661303273265,0.25544405230867684,0.0,1.2273939292010123,1.2022253056890206,0.005,1.2148096174450165
CD16,CD45,0.6369752500464299,0.18383142538749872,9073,0.07733681106053632,0.2244990802302428,0.33505359355459785,0.0,1.054976187854114,1.0362445160364833,0.005,1.0456103519452986
VISTA,CD45,0.6360908079192575,0.20797021568668234,9999,0.08522988799672684,0.1919171484943651,0.34666618961763296,0.0,1.1048474346001802,1.0719279676665712,0.005,1.0883877011333758
LAG-3,CD3E,0.6360370401897172,0.3807703310707134,14641,0.12479755877188496,0.22820038582851673,0.4558035874008232,0.0,1.229420826331337,1.2183948820733637,0.005,1.2239078542023503
CD163,CD45,0.6324059342768305,0.18063261917297802,8920,0.07603266335941629,0.13643102476358332,0.3439654036612361,0.0,1.1333585463518563,1.10648273359576,0.005,1.1199206399738082
VISTA,E-Cadherin,0.6288721590790752,0.23343522624531796,10844,0.0924325337970303,0.20273978476855806,0.282275306734546,0.0,1.0981221128665342,1.0789681553631347,0.005,1.0885451341148344
CD4,E-Cadherin,0.6282095203622661,0.2010911510312708,7556,0.06440614398472527,0.22871909746937125,0.2211247275414547,0.0,1.3103410535971103,1.3176227442223318,0.005,1.313981898909721
CD8A,E-Cadherin,0.628055555415792,0.2043111723216894,9791,0.0834569290304983,0.12701431636073354,0.20637825497661094,0.0,1.261676956757654,1.2580791168925805,0.005,1.2598780368251172
CD8A,HLA-DR,0.6254264818905892,0.19406191811094514,9484,0.08084010978707444,0.06937723269193977,0.27850943562128694,4.108720330397264e-125,1.2181051442905069,1.233952849408587,0.005,1.2260289968495468
HLA-DR,CD45RO,0.6244671899564463,0.21955226080913168,10425,0.08886104434102184,0.07312253354627081,0.29732375195612254,8.42339500614281e-139,1.3079583487456916,1.2907912146503484,0.005,1.29937478169802
CD16,E-Cadherin,0.6234133540333777,0.2200893140595568,10399,0.08863942447024327,0.17402881265750936,0.23411301893183342,0.0,1.2201210319298144,1.200171060737345,0.005,1.2101460463335796
alphaSMA,E-Cadherin,0.6178150307845497,0.22079735906551548,10434,0.08893775891167596,0.140341656337114,0.28382126227055815,0.0,1.193544607136429,1.2012536289853522,0.005,1.1973991180608907
CD31,Vimentin,0.6167474122891061,0.18963537180591444,9247,0.07881995942651597,0.144634913104408,0.12395622815896071,0.0,1.1074344467748582,1.1403011070274722,0.005,1.1238677769011653
CD11c,CD45,0.6166360846691847,0.16372387082075526,5749,0.049003562965614825,0.15843589997539467,0.2705074707079844,0.0,1.487205858634353,1.450627272874954,0.005,1.4689165657546535
HLA-DR,PD-1,0.6118907096756726,0.14797189002589076,6001,0.05115157094393017,0.07057346922063806,0.23148199639477762,2.0915628858051884e-129,1.3754288893949094,1.3559365402095076,0.005,1.3656827148022086
CD163,E-Cadherin,0.6100715031746397,0.2122144482845823,10070,0.08583508072077602,0.11998041991084067,0.21612772121999216,0.0,1.197613717812978,1.1833734094238395,0.005,1.1904935636184089
CD4,CD45RA,0.6089500470582119,0.24538415723645027,7416,0.06321280621899453,0.1008907141050676,0.2851945279219141,5.339032507397771e-263,2.3912850056978043,2.3822377960341723,0.005,2.3867614008659883
CD68,VISTA,0.6085759273779949,0.2984413783850265,13346,0.11375918443887553,0.20287126375154116,0.34119287585987707,0.0,1.0271645649188144,1.0202232605808619,0.005,1.0236939127498381
CD11c,HLA-DR,0.6060815246641076,0.18235396585762398,6281,0.05353824647539167,0.16333694568429993,0.2766326485563814,0.0,1.3269571872316333,1.3304142550190425,0.005,1.3286857211253378
HLA-DR,VISTA,0.6027071728884729,0.27053044755827466,12337,0.10515862868443035,0.2062634177969914,0.28262326075023314,0.0,0.9904764363956577,0.9894046838369631,1.0,0.9899405601163105
PCNA,E-Cadherin,0.6015662482435117,0.17281879194630873,8446,0.07199236263829932,0.04155075690471085,0.2198762535627053,5.334788249170696e-46,1.1397353875184466,1.0949786380127677,0.005,1.1173570127656072
PanCK,Vimentin,0.5996306010548472,0.16415978832935493,5708,0.04865408547707939,0.20750639180712,0.2259004522529695,0.0,1.2488289321768353,1.1442131233883808,0.005,1.196521027782608
LAG-3,HLA-DR,0.5978287135748951,0.1976089855137969,8744,0.07453246731106906,0.056294932557677514,0.2405011426375642,5.683410380912349e-83,1.2800080140722572,1.2931985196731284,0.005,1.2866032668726928
VISTA,CD16,0.596401295105566,0.2679091566106743,12233,0.10427214920131608,0.18743617002210222,0.2862008867040376,0.0,1.0146206470355592,1.0192411296597343,0.005,1.0169308883476469
CD3E,CD45RA,0.5950319638173787,0.25633788745410496,10263,0.08748018206924768,0.09478047547040552,0.2655711357856652,3.2126136400778504e-232,1.7165471630942453,1.7076913846995754,0.005,1.7121192738969104
PanCK,PCNA,0.5928098937910142,0.15763461371715945,5454,0.04648902981639646,0.08962769603646967,0.2334455219479984,8.81824501779647e-208,1.5815276638897044,1.4740854837401554,0.005,1.5278065738149298
CD3E,VISTA,0.5895994191226471,0.1777872478590852,8761,0.0746773726111935,0.03803668916071325,0.19490228690073927,7.963549398929784e-39,1.1548405476976642,1.1811164767080609,0.005,1.1679785122028625
CD16,CD45RO,0.589148336097477,0.20392834106656124,9801,0.08354216744233621,0.07075830524142451,0.1644909595438709,4.472129416072016e-130,1.2187826850085286,1.2057374818015367,0.005,1.2122600834050328
CD11c,VISTA,0.5879937103327844,0.17419786874745238,5983,0.05099814180262193,0.14536132314657507,0.23658462401458727,0.0,1.2408573401637524,1.261932274800976,0.005,1.2513948074823642
CD163,VISTA,0.5868860901109055,0.2763870169469056,12509,0.10662472936804242,0.11454687437180402,0.2956427967181976,0.0,1.0547009868636368,1.055319728276159,0.005,1.055010357569898
PD-L1,CD68,0.5837958680052175,0.04965900814407734,1500,0.012785761775686596,0.10199724437357419,0.13230809104846447,8.792633679423214e-269,1.891897184269783,1.9148017764527192,0.005,1.9033494803612512
PD-L1,CD16,0.5830903555023573,0.04997669308117467,1501,0.012794285616870387,0.11583928494503222,0.1383471877408793,0.0,1.9335022992146478,1.9425175931495073,0.005,1.9380099461820777
CD11c,CD45RA,0.5821132271204609,0.12834539348405635,3707,0.03159787926831347,0.08344293280331751,0.12347747270715151,2.8226955918328745e-180,1.7333333530800503,1.6768651227770026,0.005,1.7050992379285264
LAG-3,CD16,0.580694503809656,0.19024817912058267,8463,0.07213726793842377,0.030050006902760287,0.1296015591200752,7.432929626110917e-25,1.2943957710778977,1.300967624062696,0.005,1.297681697570297
CD8A,CD68,0.5786319845604158,0.17682570985853138,8787,0.07489899248197207,-0.009678178589314908,0.1644482536063618,0.0009164821167930262,1.2026890350735497,1.2190820217996345,0.005,1.210885528436592
PD-L1,HLA-DR,0.578381832628434,0.050459020755721125,1517,0.012930667075811043,0.08955677993072106,0.130682724641857,1.8709194935516066e-207,1.9383428614751101,1.9533446551057432,0.005,1.9458437582904267
CD68,CD45RO,0.5781257492781972,0.18778910311515,9175,0.07820624286128301,0.008268661304978834,0.1572408562326764,0.004623231223965963,1.2367142004731737,1.216294448423234,0.005,1.226504324448204
PD-1,E-Cadherin,0.5763207500973182,0.12484688127786761,5096,0.04343749467259926,0.06464609290887097,0.1014726522963069,7.419767211079515e-109,1.23763242250831,1.227714207296526,0.005,1.232673314902418
CD138,CD4,0.5760407847045614,0.02980937835850444,527,0.004492064303857891,0.21962003886047524,0.06533988647086658,3.6192426102637074e-111,2.33300874697969,2.3291841424764446,0.005,2.3310964447280673
CD11c,E-Cadherin,0.5754543533717656,0.15429805615550757,5358,0.04567074106275252,0.10435244223810264,0.1848252090089697,2.632458408161867e-281,1.2601699379178246,1.254713424387174,0.005,1.2574416811524993
CD163,CD45RO,0.5748711018711925,0.20155667936151173,9685,0.08255340186501645,0.0048656226719798155,0.16732750390051157,0.09560365323427152,1.2897102760700419,1.2690250568960006,0.005,1.2793676664830214
CD4,VISTA,0.5740428509982612,0.16258871153698343,6346,0.05409229615233809,0.03562552296997304,0.18193456817931444,2.883949808125244e-34,1.2550352824287623,1.298613805879474,0.005,1.2768245441541182
PD-1,CD16,0.5740206791738988,0.15018423720849716,6073,0.05176528750916313,0.027251597584426045,0.10176931559307793,1.002561787384097e-20,1.3733693916300522,1.3837796727906702,0.005,1.378574532210361
PanCK,PTEN,0.573658191410473,0.08949784017278618,3315,0.028256533524267376,0.10114232835360772,0.1119889293670388,2.618384725832964e-264,1.242836062734581,1.0965709066442506,0.005,1.1697034846894159
CD20,CD11c,0.5736148995163488,0.11215277777777778,2261,0.019272404916551595,0.0808082134633515,0.11964590173359838,3.6629137504705776e-169,2.0542951227335395,2.1324727071543834,0.005,2.0933839149439617
PD-L1,CD45RO,0.57184924548826,0.05414001962575712,1600,0.013638145894065703,0.09166064247223782,0.1492768982629567,2.945303496055949e-217,1.9025864020595933,1.8931129427962257,0.005,1.8978496724279095
LAG-3,CD68,0.5715795666190163,0.1728416869066019,7828,0.06672462878671645,0.0016963759384342955,0.13011408294728793,0.5612188303189848,1.2753303910782505,1.2878034161419152,0.005,1.281566903610083
PD-L1,PD-1,0.5714570779622713,0.05887700534759358,1101,0.00938474914335396,0.1399726726682405,0.13261556076705142,0.0,1.7252135531113533,1.6946425079778833,0.005,1.7099280305446183
LAG-3,E-Cadherin,0.5704858741244881,0.19329397551913566,8480,0.07228217323854821,0.046879753784845976,0.16932275551051076,4.4324366972995205e-58,1.2029075348797242,1.1892935786788716,0.005,1.196100556779298
CD138,CD3E,0.5697277339330096,0.03646497884628299,1086,0.009256891525597095,0.12657801675987332,0.12096434264894163,0.0,2.004855235884515,2.0010161158757445,0.005,2.0029356758801296
CD11c,CD16,0.5689977031849383,0.17647569193394452,6102,0.05201247890349307,0.11424946246270683,0.22922119592413437,0.0,1.1624567794826284,1.1740295255430875,0.005,1.1682431525128578
PD-L1,CD163,0.5689437513583939,0.04815457518520991,1443,0.012299902828210505,0.09128964831482644,0.12854954775610028,1.638871752598691e-215,1.8661149312104839,1.8874655932364335,0.005,1.8767902622234587
CD11c,CD45RO,0.5685775434775051,0.143177304964539,5047,0.0430198264545935,0.06644871459445892,0.16905769011924157,6.4929180322713745e-115,1.4282392418949879,1.4102961828663338,0.005,1.4192677123806607
CD8A,CD16,0.5677246294505527,0.18552781392322706,9125,0.07778005080209345,0.006116216383577077,0.12814396570651448,0.036179323358344825,1.1784748498752,1.1888082320588753,0.005,1.1836415409670376
CD68,PD-1,0.5676284304278478,0.12687990343995173,5256,0.04480130926200583,-0.005398911094881633,0.09968360013294074,0.0644270003806494,1.3532982937805875,1.3351175514867983,0.005,1.344207922633693
PD-1,PCNA,0.5670868129604174,0.12876417676965193,5268,0.04490359535621132,0.07697403243335782,0.06733013105460672,6.157075714074763e-118,1.1431644819545446,1.1657859345178891,0.005,1.1544752082362169
CD4,CD11c,0.564932389862183,0.15139621407252954,3703,0.03156378390357831,0.09391769057680571,0.16861664349944933,4.9605552575972426e-228,1.5344150294742445,1.5645335640111904,0.005,1.5494742967427175
CD11c,CD68,0.5639601989181291,0.16255905287722694,5712,0.04868818084181455,0.06804568051954535,0.2140300009504467,2.021818570533553e-120,1.185542761412732,1.2001437245667748,0.005,1.1928432429897535
CD31,VISTA,0.5639596611228359,0.19995413895895436,9592,0.08176068463492388,0.035135775286529516,0.21077586331436196,2.238010684269447e-33,1.1102213996765318,1.1145456623653425,0.005,1.1123835310209371
LAG-3,PD-L1,0.563867341858589,0.06205221615057681,1533,0.0130670485347517,0.06402981262148559,0.16107164323949336,8.000122008408499e-107,1.6309096208061526,1.65961515383836,0.005,1.6452623873222563
PD-L1,CD45,0.5625223986602025,0.04476284584980237,1359,0.011583900168772055,0.09246788175679534,0.1140461228187195,4.430856314245812e-221,1.5965271655622064,1.5657800542337479,0.005,1.581153609897977
CD8A,CD163,0.5614058112963561,0.17991928778568678,8872,0.07562351898259431,-0.027333170368081305,0.1436370301138829,7.697090477954534e-21,1.2284821405289583,1.2456252562340753,0.005,1.2370536983815168
VISTA,CD45RO,0.560701565485683,0.17194441048212902,8438,0.071924171908829,0.003721307248467214,0.16893001054675078,0.20245000915385214,1.1138561953403046,1.0919505964441383,0.005,1.1029033958922214
Ki-67,PCNA,0.5588201142289244,0.13569791136016301,4262,0.03632861112531751,0.09853692367372831,0.2002480541269618,6.546000710000313e-251,1.3640302352895837,1.3570396642600715,0.005,1.3605349497748276
Beta-catenin,E-Cadherin,0.5583947368031451,0.14077722804646803,6459,0.05505549020610648,0.042680007664174915,0.07024305635860129,1.9416329267080318e-48,1.0928317865500206,1.0873975046543876,0.005,1.090114645602204
PD-L1,E-Cadherin,0.5574674026051647,0.04347386172006745,1289,0.01098723128590668,0.06348158202659486,0.10421957215638335,4.9535846602399696e-105,1.674723871046136,1.6738148683343939,0.005,1.6742693696902649
PD-L1,CD8A,0.5572121002187085,0.04159799591271673,1262,0.010757087573944323,0.09546640828749711,0.1057220306674055,1.4092783557253616e-235,1.4749934355159366,1.4516725033175972,0.005,1.463332969416767
CD20,HLA-DR,0.5547197818592222,0.08335137475644079,3080,0.026253430846076477,0.06001982688012845,0.1315174797567334,4.4894120208637067e-94,1.0844693142241544,1.092885811018511,0.005,1.0886775626213328
VISTA,PTEN,0.5504986709521519,0.11073574294105226,5769,0.04917403978929064,-0.00025069010608425144,0.0074066652102752675,0.9315739351212422,0.961574203344259,0.966600894251399,1.0,0.964087548797829
Ki-67,Vimentin,0.5504828489426599,0.11071450550803126,3598,0.03066878057928025,0.061988796670280503,0.1601332728755683,3.129774803607988e-100,1.254317743520542,1.2422139606468912,0.005,1.2482658520837164
CD31,E-Cadherin,0.549950944043765,0.16245157888332284,8010,0.06827596788216642,0.003158094304959353,0.0657409593933424,0.2793891239546706,1.0462110724931803,1.0340215769234036,0.005,1.040116324708292
CD8A,PCNA,0.5498667167602188,0.14163352104910804,7193,0.06131198963500912,0.05469562310006888,0.015042272796817269,2.570735889924643e-07,1.0056268747082235,1.0289596518937256,0.105,1.0172932633009746
CD16,PTEN,0.5489423161236232,0.08274592221994904,4449,0.03792256942668644,-0.08878702957011067,-0.11476366695647566,6.324410639398451e-204,1.1357453384924392,1.1188710701582594,0.005,1.1273082043253493
alphaSMA,PCNA,0.5487188388532802,0.15037713378324732,7576,0.0645766208084011,0.014291159907310289,0.03844022730274832,9.822317789748021e-07,1.1005511920610387,1.174535400383433,0.005,1.1375432962222358
GranzymeB,CD3E,0.5482240674673972,0.026846767945565397,797,0.006793501423481478,0.029917519699956593,0.09911040936079385,1.1902062354532011e-24,1.6249362435035895,1.645796911494514,0.005,1.6353665774990516
Beta-catenin,PCNA,0.5478329023155417,0.14112798264642082,6506,0.05545611074174466,-0.012882527667307617,0.0614095747404434,1.0212584762008125e-05,1.1576106292461585,1.2142803138839298,0.005,1.1859454715650442
CD68,PTEN,0.5465930370537722,0.0798609184560469,4318,0.036805946231609814,-0.08968720018652877,-0.11368724000207256,4.6889514934890785e-208,1.0705194731339929,1.0493478721659761,0.005,1.0599336726499846
CD11c,CD163,0.5462646946814105,0.15716935368811527,5508,0.04694931724032118,0.04008983238969489,0.185731488137645,6.109185375542574e-43,1.1735063832132882,1.1849193629545631,0.005,1.1792128730839257
CD4,GranzymeB,0.5455410906826422,0.02466509515322256,429,0.003656727867846366,0.04482468625361117,0.06314747585789171,2.9994045662061067e-53,1.9305025438823729,1.910764045538748,0.005,1.9206332947105604
LAG-3,PCNA,0.5448330736657632,0.13171875336072097,6124,0.052200003409536476,0.05627979315387804,0.013290145671007992,5.3073855099737246e-06,1.0890993755698142,1.11037490068799,0.005,1.099737138128902
CD11c,PD-L1,0.5440405968114622,0.05140362760593061,683,0.005821783528529296,0.05704500305233257,0.09095450523494182,3.768959396427839e-85,1.9430269995299967,1.956208620340896,0.005,1.9496178099354462
LAG-3,CD163,0.5438207409290383,0.16263866877971475,7389,0.06298266250703217,-0.013458293821145927,0.08709255853876673,4.029477466448662e-06,1.2417602462661927,1.249062587204922,0.005,1.2454114167355574
CD45RA,CD45RO,0.5434630154766695,0.15533529862352313,6692,0.0570415452019298,-0.0007382575988651397,0.08496249665592659,0.8003739036440991,1.3380136473085786,1.3413000374763175,0.005,1.339656842392448
LAG-3,PTEN,0.5427200572846782,0.08862191685009566,4308,0.0367207078197719,-0.02247820828878561,-0.04101829961370071,1.3599951696247173e-14,1.094211599828641,1.0878365219340775,0.005,1.0910240608813593
PD-1,PTEN,0.5421798316535706,0.05053564163992225,2236,0.019059308886956818,-0.054883629736367796,-0.09568935177637194,5.958536467967973e-79,1.0657462309053403,1.0606443036096842,0.005,1.0631952672575122
CD16,PCNA,0.5417298298042668,0.1164144578313253,6039,0.051475476908914235,-0.03930969189240548,-0.04625593843266798,2.370838811851022e-41,1.1617898533574222,1.1826561964775943,0.005,1.1722230249175083
CD4,CD8A,0.5413704731392466,0.12674392854506533,5151,0.043906305937707765,-0.0046150711014162306,0.1029242738291078,0.11393919378718846,1.3795905485510698,1.3767664288384032,0.005,1.3781784886947364
Ki-67,PTEN,0.5413687557699558,0.07587857036040077,2537,0.02162498508327793,0.045201855699063744,0.09847570584391695,4.042636995417478e-54,1.3035950091323443,1.2542700038397163,0.005,1.2789325064860302
GranzymeB,CD45,0.5406941420015009,0.022032479491043026,658,0.00560868749893452,0.03450328755986715,0.0843800470816749,3.027383431434835e-32,1.495802716593521,1.505670935659158,0.005,1.5007368261263396
CD3E,CD163,0.5404305101663845,0.1329923771001867,6839,0.058294549855947085,-0.06050598862921152,0.03379896772340099,5.210006387072848e-31,1.1287307505941262,1.1499466971273273,0.005,1.1393387238607269
PD-1,Vimentin,0.5401668329740159,0.07078690407811603,3081,0.026261954687260267,-0.03832771460382743,-0.05305130234162881,2.1421748296869436e-39,1.0551731017886485,1.0715993240440649,0.005,1.0633862129163567
CD8A,Vimentin,0.5398197835343612,0.10293839936548703,5451,0.04646345829284509,-0.05385778657984029,-0.09135936806066919,4.300059779672149e-76,0.9687976189790203,0.9907996968138889,1.0,0.9797986578964546
CD3E,HLA-DR,0.5396305003327735,0.12202380952380952,6355,0.05416901072299221,-0.05689204970457341,0.09420158138863663,1.0538491324111207e-84,1.0342665151633885,1.0503274362710573,0.005,1.042296975717223
CD8A,VISTA,0.5389158629250295,0.15598946906537955,7821,0.06666496189842991,-0.02916660999492596,0.13156267751709314,1.6507525162477662e-23,1.0619183110832215,1.0774812040907034,0.005,1.0696997575869625
CD68,PCNA,0.5386807593324463,0.12102906550353186,6271,0.05345300806355376,-0.0317804438551667,-0.016934796761514704,6.5994359932910045e-09,1.0945454324445412,1.1073519599009374,0.005,1.1009486961727393
CD138,CD31,0.538593252458277,0.033671178831372016,990,0.008438602771953152,0.062405293018887184,0.10126614736266744,1.471120242526126e-101,1.509115345509175,1.5539103141638209,0.005,1.531512829836498
VISTA,Vimentin,0.5358457821866187,0.12164174774182318,6289,0.053606437204862,0.009289251608249399,-0.016081041621451558,0.0014638167524772797,0.9268006162622434,0.9380021977390972,1.0,0.9324014070006703
PanCK,CD16,0.5357026460622183,0.07233330677925595,2724,0.02321894338464686,-0.01731012988173081,-0.00616866076592074,0.03461192103447847,1.4326022789056636,1.2978300090477353,0.005,1.3652161439766994
CD4,CD20,0.5351903275167305,0.1200407747196738,2944,0.025094188445080892,0.011411323593781953,0.11641394108250659,9.280959784335682e-05,1.9422855293599572,1.925420218283348,0.005,1.9338528738216527
CD4,CD163,0.5349434755273325,0.16337985049876266,6404,0.054586678940997974,0.010825633299926592,0.12782651066726275,0.0002088744251999614,1.067466670687614,1.0915567134886872,0.005,1.0795116920881505
HLA-DR,PCNA,0.5348431857792414,0.1237785016286645,6384,0.05441620211732215,-0.027987401416404184,-0.025405397785464513,3.22949408657372e-18,1.032358657292961,1.0448754821499908,0.005,1.038617069721476
CD138,VISTA,0.5332675515383956,0.027433867803260945,811,0.006912835200054553,0.03406744891213284,0.07954531882611224,1.7731381132450756e-31,1.5428813737556109,1.5922902523473226,0.005,1.5675858130514668
PanCK,CD68,0.5324222562205916,0.0654441320967869,2491,0.021232888388823538,-0.005485282873891838,-0.0034231064798504636,0.24101096689995438,1.2974379797732292,1.1868779881853093,0.005,1.2421579839792694
Vimentin,CD45,0.5320843944675133,0.10239602169981916,5436,0.04633560067508822,-0.13794397336920128,-0.1288144234858169,0.0,0.9200334928051077,0.8921105105513949,1.0,0.9060720016782513
Ki-67,PanCK,0.5320070654211988,0.0944910396427925,1566,0.013348335293816805,0.026408176711961412,0.1155011899613711,1.4730734134842755e-19,1.409071335735594,1.4956109756041194,0.005,1.4523411556698567
CD45RA,HLA-DR,0.5312319343706102,0.09499192950311913,4355,0.037121328355410085,0.019652801093956493,0.034161468403498964,1.673468066739851e-11,0.8670000762065535,0.8785121421529196,1.0,0.8727561091797366
GranzymeB,CD45RO,0.5308573247266909,0.022004639737991265,645,0.005497877563545236,0.017290681585599658,0.07360379217363529,3.166315498744807e-09,1.5058064796500972,1.517657941399645,0.005,1.5117322105248712
PD-1,CD163,0.5301243260732004,0.12182262316492128,5037,0.042934588042755586,-0.0315078977831164,0.05776571680325516,3.652064160103358e-27,1.274533883020061,1.2891157631096275,0.005,1.2818248230648441
CD31,PCNA,0.5298953728545872,0.1271997650973867,6498,0.055387920012274335,-0.031343593727950356,0.00154422768677349,0.5968615367056344,0.9950217532417305,1.0466221132690303,0.875,1.0208219332553803
PD-L1,PTEN,0.529695202382672,0.02040353661301292,630,0.00537001994578837,0.004521643518125893,0.032015009674750045,0.12144618722687234,1.2985604572924818,1.3097011612843528,0.005,1.3041308092884174
CD138,CD45RA,0.5290883337440982,0.0512284612883749,1103,0.009401796825721544,0.015314134050741373,0.14195990059873306,1.5577007847288356e-07,2.837330077630307,2.7925032353756696,0.005,2.814916656502988
GranzymeB,CD45RA,0.5289183427281022,0.025487394570677974,553,0.004713684174636458,0.038965364106118845,0.07317522836727304,1.1650376725108255e-40,1.7709649597469033,1.7947978215240354,0.005,1.7828813906354695
HLA-DR,PTEN,0.5278659704528315,0.0659567850412573,3605,0.030728447467566783,-0.13448646100021502,-0.1849118711884819,0.0,0.9695697238915484,0.9561229346600109,1.0,0.9628463292757796
CD8A,PTEN,0.5274163402131188,0.06356071389466769,3483,0.029688538843144274,-0.12234448299211959,-0.17574402896283006,0.0,0.9224534548273283,0.9309270619927766,1.0,0.9266902584100525
PanCK,PD-L1,0.5260917392489051,0.026730740351404114,356,0.0030344874614296187,0.006441254934122645,0.024817058229430543,0.02736722247290468,2.0214443027626934,1.9132194618344902,0.005,1.9673318822985917
GranzymeB,E-Cadherin,0.5260710192005389,0.01484236385969701,435,0.003707870914949113,0.010861501661828157,0.03644215220412136,0.0001989699482275953,1.3729173247419024,1.3758460948800129,0.005,1.3743817098109576
PD-L1,CD3E,0.525259311166739,0.032190798905252185,988,0.00842155508958557,0.03434747614378067,0.07010381743070021,5.709754304483047e-32,1.1456932572057503,1.122989814216173,0.005,1.1343415357109616
LAG-3,GranzymeB,0.525236894608328,0.024254570739089532,593,0.005054637821988101,0.06140326623195957,0.08429728872343517,2.2243447700726285e-98,1.2265206324188376,1.1981976356288708,0.005,1.2123591340238542
CD11c,CD3E,0.5250017424021935,0.08157371837329448,3079,0.026244907004892685,-0.004471044225691748,0.03720143107977573,0.12567039742124544,1.217141862460755,1.1953134543416952,0.005,1.2062276584012253
GranzymeB,CD8A,0.5249687199150928,0.024704256681608305,733,0.0062479755877188495,0.019202722892109694,0.09028690500367932,4.7746517696607596e-11,1.450377382643453,1.4664510958562922,0.005,1.4584142392498727
CD45RA,E-Cadherin,0.5242407981165566,0.12238704563469596,5404,0.04606283775720691,-0.01699220740378125,0.029721639091776178,5.867863010688876e-09,1.024507539040514,1.0362786930587295,0.005,1.0303931160496218
PanCK,E-Cadherin,0.5236568104439088,0.054435109850793736,2054,0.017507969791506844,-0.0005617775931865184,-0.007676276817458228,0.8474160261315711,1.0631851730656148,0.9314404923809321,1.0,0.9973128327232734
CD45RO,PCNA,0.5234538130286234,0.13531327084361125,6857,0.058447978997255325,0.010987190103096222,-0.018082123852285588,0.00016763583442670218,0.9659367550291844,0.9881106916538905,1.0,0.9770237233415375
LAG-3,Ki-67,0.5232125746212761,0.08980229297554396,2530,0.02156531819499139,0.0010168380036965749,0.09784510177066327,0.7276292838564117,1.029027704251614,1.0583807672439491,0.015,1.0437042357477817
PCNA,CD45,0.5223452758487193,0.1305312317571512,6708,0.05717792666087045,-0.034326930733132276,-0.04589287862054076,6.206684304635795e-32,0.9168872827398633,0.8905162411656657,1.0,0.9037017619527645
CD45RA,VISTA,0.5215693845259509,0.1544434657642205,6663,0.056794353807599854,-0.04058035697801241,0.09290466659552725,5.902759680528428e-44,1.2171838823395296,1.2779144811260261,0.005,1.247549181732778
Ki-67,PD-L1,0.5208629941674887,0.05423805741518212,478,0.0040743960858521285,0.0036269345003691823,0.08615752291556439,0.21413396241478186,1.165408052509988,1.1531554809914841,0.005,1.159281766750736
CD163,PTEN,0.5207320557173867,0.07401039066688853,4003,0.03412093625871563,-0.08890291584611183,-0.1398691999953022,1.8694229778964743e-204,1.0165867918073916,1.0172450408175997,0.005,1.0169159163124957
LAG-3,Vimentin,0.5199459762312707,0.10994161836405868,5254,0.044784261579638246,-0.02643130911059745,-0.028401810088508114,1.369913497693778e-19,1.0318288958846609,1.045513659054054,0.005,1.0386712774693574
PanCK,PD-1,0.519616293698768,0.05354319126245725,1456,0.012410712763599788,-0.01848069764217781,-0.017535260377765965,1.8954148547414134e-09,1.2514717720885218,1.1398295135271155,0.005,1.1956506428078186
CD3E,PCNA,0.5191185668344243,0.1433213209665032,7278,0.06203651613563136,0.0155024329156985,-0.041764648492241443,1.0955808535400171e-07,0.9054489719656053,0.9266203260506004,1.0,0.9160346490081028
LAG-3,PanCK,0.5190419422032848,0.0548056399001894,1823,0.015538962478051109,-0.007264937379339672,-0.030762613608298416,0.012832942711765693,1.0830722068840142,1.1930614792596872,0.005,1.1380668430718508
CD138,Beta-catenin,0.5190129459770055,0.009733810091378626,245,0.0020883410900288104,0.07869517728376244,-0.013358762617680549,4.744925864225983e-06,0.75409352735627,0.7793257101268959,1.0,0.7667096187415829
GranzymeB,HLA-DR,0.5187747874480657,0.01666276307424633,498,0.00424487290952795,0.02796152692314273,0.06278917925396116,9.791953386935183e-22,1.1668744712297128,1.189568593309898,0.005,1.1782215322698053
GranzymeB,VISTA,0.5183668573190563,0.013073440983717316,387,0.0032987265381271415,0.007822714039823838,0.03689274653867599,0.0073748461565562515,1.146973039729464,1.1740000578029335,0.005,1.1604865487661988
PanCK,Beta-catenin,0.5181754431011361,0.07141766197269145,2338,0.019928740687703506,0.06287315743368346,-0.0054280417685952905,0.06300002791765161,1.0466202582490995,0.8883702019246383,1.0,0.9674952300868689
PanCK,HLA-DR,0.518158769899761,0.0556977229997911,2133,0.01818135324502634,-0.024077032491962472,-0.030717255312719217,1.6119639076036355e-16,1.2056560835524603,1.1020039015426277,0.005,1.1538299925475441
HLA-DR,Vimentin,0.5173209420517201,0.08140245596488303,4395,0.03746228200276173,-0.13030542462066003,-0.1687935842003672,0.0,0.9451271279357358,0.9524414583815753,1.0,0.9487842931586556
GranzymeB,CD68,0.5171019309841902,0.017678452301534357,530,0.004517635827409263,0.04003891596084,0.05370813365152245,7.773751813263031e-43,1.1059504233724375,1.1287670954674054,0.005,1.1173587594199215
CD20,CD45RO,0.5168261586895319,0.08924887923210209,3245,0.027659864641402,-0.014038514367335922,0.04314070863432059,1.5197755746431618e-06,1.1983119363794847,1.2009421206121,0.005,1.1996270284957924
Ki-67,E-Cadherin,0.516506590916871,0.06500616671178895,2161,0.01842002079817249,-0.006853027529270838,0.060512872128645985,0.018910934478038655,1.0865466982295393,1.0360800980916447,0.005,1.061313398160592
GranzymeB,PD-1,0.5159131047415493,0.027503175567460098,498,0.00424487290952795,0.021640200067053795,0.07969654139909979,1.2354029148400012e-13,1.2555347249749023,1.2762323830845856,0.005,1.265883554029744
CD138,PCNA,0.5156527673460625,0.016148445336008024,483,0.004117015291771084,0.031073797989161354,0.005035148330944806,0.08459647698251659,0.9874911467357076,1.0058157247163702,0.715,0.9966534357260388
LAG-3,VISTA,0.5141109413184064,0.14150226794279142,6520,0.05557544451831774,-0.013453062973613629,0.0909022379688086,4.064351058732881e-06,0.9646702960745472,0.9662562305167567,1.0,0.9654632632956519
LAG-3,alphaSMA,0.5138989608621076,0.13381833743447094,6254,0.05330810276342931,-0.02121764776323291,0.06266884906588623,3.6444671970928657e-13,1.0275372391294995,0.9948266020448389,0.84,1.0111819205871693
GranzymeB,PCNA,0.5135034399538123,0.014811808866795171,438,0.003733442438500486,0.020353012613316367,0.021787812975106503,3.1268043429717804e-12,1.1332302088843724,1.170506049909326,0.005,1.1518681293968491
CD138,CD11c,0.5124412129525587,0.01098732232039954,143,0.0012189092892821221,0.051702100372304396,-0.0035788607741839354,0.22026940512757381,1.0461938185752535,1.0863507530256165,0.11,1.066272285800435
CD4,HLA-DR,0.5120673129635047,0.13687844617753714,5511,0.046974888763872555,-0.026085357318913024,0.08000777843501766,4.0311959323578394e-19,0.9558040424281856,0.9689164937696796,1.0,0.9623602680989326
CD11c,CD8A,0.5111983578957855,0.08746363466517201,3277,0.027932627559283316,-0.016129326150538918,0.04868736320522061,3.297270997365862e-08,1.1511265828601045,1.1350582043014683,0.005,1.1430923935807864
CD138,CD45,0.5098023369657632,0.009768687924725562,299,0.002548628513953528,-0.006329167723538112,0.009712276207228124,0.030170320283509897,1.1403682174516174,1.1180309361859375,0.005,1.1291995768187775
CD138,CD16,0.5093369754435612,0.00923066815583733,281,0.002395199372645289,0.02827711789642298,-0.018694575421827758,1.5165190950033782e-10,0.6116141528020504,0.622517860956777,1.0,0.6170660068794137
CD45RO,PTEN,0.5082731076953877,0.05621301775147929,3078,0.026236383163708892,-0.11844604839936128,-0.18488346331829536,0.0,0.8893399438261668,0.9049699677655596,1.0,0.8971549557958631
Ki-67,PD-1,0.5080358656509797,0.05011251514626969,1158,0.009870608090830051,-0.0037853202099238834,0.015505024231110234,0.1947936636546975,1.0736318503307138,1.0368130203534833,0.01,1.0552224353420985
CD138,Ki-67,0.5079395301143088,0.02378652499396281,197,0.0016791967132068395,0.011230244125767527,0.032610641376961756,0.00011975284804071423,1.2699522815687128,1.2820267719415697,0.005,1.2759895267551413
CD3E,Vimentin,0.5078225693835844,0.09463025697654831,5056,0.04309654102524762,-0.11005964074611341,-0.11058398466948864,7.26420274723e-313,0.8864578796146013,0.9107869959969253,1.0,0.8986224378057632
CD4,PD-L1,0.5077548815490898,0.03674225904928042,674,0.005745068957875177,0.0026069502037630314,0.052611019617462944,0.3719015343979422,1.2256533958073383,1.229362173402551,0.005,1.2275077846049447
Ki-67,Beta-catenin,0.5076006107204809,0.06193343021244205,1790,0.015257675718986004,-0.0013792257491170344,0.035696806777808884,0.6366386867617572,1.2322043403499348,1.1715133224625187,0.005,1.2018588314062266
VISTA,alphaSMA,0.5073566188940367,0.11103440340582212,5790,0.04935304045415026,-0.06520298732607202,0.014776981203498131,4.157701768398412e-07,0.9630318439823323,0.9394873372275958,1.0,0.9512595906049641
GranzymeB,CD11c,0.5067893250240594,0.009243896657975823,117,0.0009972894185035545,-0.002105066400188069,-0.0008230709051717164,0.7780102617455722,1.295111586179722,1.3345933047794474,0.005,1.3148524454795847
LAG-3,CD11c,0.5064039310228993,0.08794047106574011,2860,0.024378185785642444,-0.009610208847543295,0.030135002171993712,0.0009958296365979054,1.0577183863801671,1.05794562668124,0.005,1.0578320065307034
PD-L1,PCNA,0.5061735313074288,0.01364300795842131,420,0.003580013297192247,-0.012467129003745653,-0.027406273518317304,1.9518747413109246e-05,1.1858712768097508,1.2068103367572172,0.005,1.196340806783484
Ki-67,alphaSMA,0.5057240568035076,0.06015236638526929,2045,0.017431255220852725,-0.006461453311412566,0.03127757475349922,0.02688674691633232,1.1828693048654193,1.1131924268684352,0.005,1.1480308658669274
PD-1,alphaSMA,0.5056764496506847,0.07572501444251878,3277,0.027932627559283316,-0.06409008529604647,-0.007622675763430805,0.009030236583117338,0.9808587511753416,0.9465882287350686,1.0,0.9637234899552052
PD-1,VISTA,0.5051632204065779,0.08742255412377206,3711,0.031631974633048635,-0.03098318444733758,0.03140374214243273,2.5459140679709447e-26,0.9507770755256233,0.955639065931077,1.0,0.9532080707283501
PD-L1,VISTA,0.5049080388357283,0.021086408434563372,644,0.005489353722361445,0.001273416002643872,0.016940333673771377,0.6627189400676294,0.9653307951409453,0.9682597951028619,1.0,0.9667952951219037
GranzymeB,PD-L1,0.5047514434273942,0.013683328679139906,49,0.0004176682180057621,0.0006609359071953315,0.01413395614535304,0.8209062724345737,1.851016525455617,1.8696598573666812,0.005,1.8603381914111492
CD8A,CD45RA,0.5043111275296117,0.15085821665100718,6583,0.05611244651289657,-0.026695133924720317,0.08403473171947398,5.958935712130445e-20,1.1060441897839084,1.1064136610846633,0.005,1.1062289254342859
CD68,Vimentin,0.5040391865480657,0.08484286641327524,4576,0.03900509725702791,-0.13538299321253364,-0.16312466410554816,0.0,0.9901111758897048,0.9951371673316132,0.995,0.992624171610659
CD20,CD3E,0.5040161344732058,0.08859351688593517,3266,0.027838865306261614,-0.05052936213261551,0.048608766414975434,2.6031394073659873e-62,1.2137548482704035,1.2231760043996935,0.005,1.2184654263350485
CD31,CD16,0.5038934348510147,0.1147405297197413,5961,0.05081061729657853,-0.08262534904040626,0.022338336563889987,1.9766699759945775e-14,0.964325320750633,0.9946324747594047,1.0,0.9794788977550188
CD138,CD45RO,0.5030498696265807,0.010760210540342461,323,0.0027532007023645137,-0.0021025275428620924,-0.011804386224934918,0.47143580305216165,1.0514901568565576,1.0475806396228522,0.02,1.0495353982397049
PTEN,CD45,0.5029690723404759,0.04517145107022693,2524,0.021514175147888646,-0.25640870980549224,-0.31136704761931877,0.0,0.7930187084328766,0.7700677557718425,1.0,0.7815432321023595
CD138,GranzymeB,0.5027377966154204,0.0042765502494654314,12,0.00010228609420549276,-0.002325927282237432,-0.0033543742770712546,0.42564702225747203,1.5012847865728949,1.4450869603375458,0.005,1.4731858734552203
CD138,CD163,0.502406027428465,0.010769383238082653,326,0.002778772225915887,-0.008345507757132612,-0.010526204009092505,0.004256506216873454,0.9722882623798118,1.0010980514747603,0.865,0.9866931569272861
Ki-67,GranzymeB,0.5020711301768712,0.013395092638958437,107,0.0009120510066656438,0.00043084393564364685,0.013062136585933592,0.8826822328711444,1.0782673394718563,1.0240736603649518,0.225,1.051170499918404
VISTA,PCNA,0.501979307492583,0.12011830865326614,6173,0.05261767162754224,-0.031021532973286744,-0.0643858872173358,2.2114828326508108e-26,0.9152862144616148,0.9307132883120484,1.0,0.9229997513868315
CD45RO,Vimentin,0.5017941698242385,0.09222825267601387,4894,0.04171567875347346,-0.08687132483900106,-0.12102022298734402,2.8161207583847047e-195,0.9054510072412727,0.9288384563657078,1.0,0.9171447318034902
PanCK,CD8A,0.5013153310507323,0.050379141996468264,1940,0.016536251896554662,-0.03587860511586064,-0.0608394395722152,9.893719993132991e-35,0.9736676909344013,0.8844558676503611,1.0,0.9290617792923812
Ki-67,CD16,0.5009552088009985,0.029601029601029602,1035,0.008822175625223751,-0.015523919466145937,-0.05880176719191593,1.0521861974718308e-07,1.0934390580230218,1.0697764479754572,0.005,1.0816077529992394
CD138,E-Cadherin,0.5007417131881753,0.008097707880207462,242,0.0020627695664774373,-0.012308979529948695,-0.03360553604368495,2.4850694553071277e-05,0.9889928922026622,0.9903629256464062,0.67,0.9896779089245342
Ki-67,CD8A,0.5003813582187402,0.0429438982070561,1485,0.01265790415792973,-0.009210038564398778,-0.02284858002883795,0.0016070205506357462,0.951682085934266,0.9180593880933001,1.0,0.934870737013783
CD138,CD8A,0.49997262927561525,0.011598488582224413,353,0.0030089159378782456,-0.0026933460144017572,-0.0005928290932915019,0.8390943983389061,1.0593212815156663,1.043253207092297,0.01,1.0512872443039818
CD138,CD20,0.4991616628238985,0.014652014652014652,180,0.0015342914130823916,-0.006552928492929366,0.006011366265976724,0.03949493576373121,1.4474823586878232,1.383179787301567,0.005,1.415331072994695
Ki-67,CD3E,0.4991043115718452,0.04667998725856427,1612,0.013740431988271195,-0.01081301744913603,-0.01073002094193734,0.00023758604324587666,0.8852828387242332,0.8581629167830652,1.0,0.8717228777536492
GranzymeB,CD163,0.4990927536478733,0.006865064818209084,206,0.001755911283860959,-0.013805896506051574,-0.0176224849734219,2.2570470110766892e-06,1.0900169382726181,1.1237059530382623,0.005,1.1068614456554402
Ki-67,CD45RO,0.49901023745795936,0.038122996211017196,1308,0.01114918426839871,-0.010824724283548911,-0.036269188833676365,0.0002091313514662516,0.9121198488094421,0.879477725213043,1.0,0.8957987870112425
GranzymeB,CD20,0.4987920776754535,0.0088517745302714,106,0.0009035271654818527,-0.008881117908740447,-0.0033551054041202916,0.2504850063191736,1.0340332041295202,1.03403320412952,0.335,1.03403320412952
CD11c,PD-1,0.4987727477265707,0.06478075338434373,1761,0.015010484324656063,-0.017900628772673656,0.001206819327712637,0.6793486881319277,1.0803169053621444,1.06934131839986,0.005,1.074829111881002
CD3E,CD68,0.4985382263117636,0.10419730738771354,5526,0.047102746381629416,-0.09772786618732951,-0.01874167333456289,1.3641765364154928e-10,0.9859447031868845,1.0045006141949173,1.0,0.995222658690901
CD4,CD16,0.4984001410638175,0.13607453416149068,5477,0.046685078163623654,-0.010981177490141625,0.0739981370012066,0.0001690224319457229,0.7850138084223901,0.800249571722495,1.0,0.7926316900724426
Beta-catenin,VISTA,0.49823338629113406,0.07873143513580044,3838,0.032714502463390104,-0.036552610791952954,-0.0773613766307419,5.5218851590523887e-36,0.9404141101133768,0.9555502284602888,1.0,0.9479821692868329
CD11c,PTEN,0.49793816466695673,0.037942040086812207,1486,0.01266642799911352,-0.03715941160342101,-0.05969293481830473,3.9266480913247545e-37,0.8292013738617714,0.8572073897428748,1.0,0.8432043818023232
CD138,PD-1,0.4978848376304661,0.011398135818908122,214,0.0018241020133312877,0.003838499383766313,-0.006799225213780006,0.1885963857786789,0.7122138121920867,0.7141804775511968,1.0,0.7131971448716418
Ki-67,CD68,0.4971913791746026,0.026506229247665807,934,0.007961267665660854,-0.017502631617530316,-0.06766847175622022,2.0305155162864202e-09,1.0224995820123695,1.0034393202520022,0.365,1.0129694511321858
CD138,PD-L1,0.4968202510977439,0.0027479390457157134,11,9.37622530217017e-05,-0.002334995166153444,-0.011339453614584168,0.4238449571308305,0.3623913048542754,0.3623913048542754,1.0,0.3623913048542754
GranzymeB,Vimentin,0.4964206550012317,0.00661485033901108,200,0.0017047682367582128,-0.023160156237879072,-0.022264623678950265,2.4050404773887658e-14,0.9048917234696164,0.9317261401597703,1.0,0.9183089318146933
CD20,E-Cadherin,0.4963187613120579,0.0549009105516872,2050,0.01747387442677168,-0.04251026208550092,-0.02083773501764906,9.47120150528803e-13,0.7830627037195326,0.7968422652842763,1.0,0.7899524845019044
Ki-67,HLA-DR,0.49584345033521204,0.03200870361887311,1118,0.009529654443478409,-0.01819446753050714,-0.05902358242037533,4.5944057788463294e-10,0.9599431941890774,0.9422827033078829,1.0,0.9511129487484802
GranzymeB,PTEN,0.4958056782626403,0.00420752716671084,127,0.001082527830341465,-0.024544883146288256,-0.029903704784020962,4.162779209821063e-17,0.8674416685462173,0.88555478716623,1.0,0.8764982278562237
CD20,Vimentin,0.49580360594690176,0.043639014737280636,1676,0.014285957824033822,-0.052295937944381525,-0.048958712482258186,3.471620936710183e-63,0.6332123466066019,0.6605129917694531,1.0,0.6468626691880275
Ki-67,CD45,0.49569636651072563,0.03628604977518114,1267,0.010799706779863277,-0.02709733512382544,-0.053780856090012014,1.6491554404325877e-20,0.8727745184536164,0.8352529357681301,1.0,0.8540137271108732
Ki-67,CD31,0.49569483146182514,0.04463318201786499,1524,0.012990333964097581,-0.012906281564434494,-0.02108182348150474,9.835444793658785e-06,1.0468052533580972,1.0008712618981113,0.455,1.0238382576281042
GranzymeB,CD16,0.495423647768768,0.008576842525182008,258,0.0021991510254180946,-0.008825648686056424,-0.009455705622256111,0.002503130786814441,1.0299103361220248,1.054185060136043,0.035,1.0420476981290339
CD138,Vimentin,0.4952855286255855,0.006597641832968612,202,0.0017218159191257948,-0.025544299416853763,-0.05094710425248631,2.1204230373557873e-18,0.8139207950195751,0.8512059916689928,1.0,0.832563393344284
PD-L1,Vimentin,0.49528129177056424,0.012613247110798092,394,0.003358393426413679,-0.02579692184131876,-0.040647534565499244,9.80906149144952e-19,0.8601840425760967,0.8782663225528705,1.0,0.8692251825644837
PanCK,GranzymeB,0.49501531210768984,0.005317434740573638,66,0.0005625735181302102,-0.007929704606436255,-0.01471589478279762,0.006606122970322317,1.0323915036932392,0.9188227313134963,1.0,0.9756071175033678
PanCK,CD163,0.4949265058767222,0.04694164152709872,1805,0.01538553333674287,-0.03415456967655245,-0.06714380020950363,1.247560265360428e-31,1.02944830669637,0.9391218707395546,1.0,0.9842850887179623
Ki-67,CD11c,0.49491643628050996,0.020425107937562272,369,0.0031452973968189024,-0.005644481217460906,-0.037689708097702515,0.05319599720472827,0.8311293156040646,0.7966916145905185,1.0,0.8139104650972915
CD4,CD68,0.4948079509065224,0.13370384092873905,5413,0.04613955232786103,-0.029986073419725017,0.05604503432776632,9.331188438777333e-25,0.848752733456396,0.8679033350581119,1.0,0.8583280342572539
Ki-67,CD163,0.49446491434658146,0.02435681448273893,853,0.007270836529773777,-0.015752581429245113,-0.07564260623710613,6.821639112057475e-08,0.9333227199901353,0.9168908438745058,1.0,0.9251067819323205
GranzymeB,CD31,0.4944248632833971,0.0055289347585698485,165,0.0014064337953255254,-0.01719910251176611,-0.022632473215146928,3.830287561003383e-09,0.8131772782208173,0.8421954078306734,1.0,0.8276863430257453
CD11c,CD31,0.49409155454602327,0.07004004561487256,2641,0.0225114645663922,-0.032620192141829346,0.012278752197227282,2.601637223109575e-05,0.8884415465812703,0.9227362317801505,1.0,0.9055888891807105
PD-L1,CD31,0.4940796294458432,0.01704638049607249,523,0.004457968939122726,-0.016457518624764026,0.00714135873430344,0.014443377904141599,0.7395347434616855,0.7335680298974491,1.0,0.7365513866795672
CD138,PanCK,0.4938674672161045,0.0031196381219778507,40,0.0003409536473516425,-0.005751683884117481,-0.028424772420375766,0.04883313427519748,0.24380433128859336,0.2720023411351388,1.0,0.2579033362118661
alphaSMA,CD16,0.4937411212623253,0.09047708138447147,4836,0.04122129596481358,-0.10349298843669938,-0.08419744703126562,1.591206160460883e-183,0.9714869721070231,1.0229275733316292,1.0,0.9972072727193262
CD3E,PTEN,0.49348226178316745,0.043502360177370906,2433,0.02073850560016366,-0.1860943182706845,-0.1806918101328295,0.0,0.7844768493040101,0.8076053497202279,1.0,0.796041099512119
CD20,PD-L1,0.4932507004926214,0.010195541352811383,134,0.0011421947186280026,-0.014076225655593945,-0.01887522553660707,1.4245685254785513e-06,0.6871004780805003,0.7073882907203067,1.0,0.6972443844004035
PanCK,CD45RO,0.49320701138258494,0.043295688688349286,1660,0.014149576365093166,-0.043421110427734895,-0.08365292449158733,4.489471381668033e-50,0.9801840149246787,0.8982120184102677,1.0,0.9391980166674732
Ki-67,CD20,0.49299671858774496,0.021298641492056184,370,0.0031538212380026937,-0.008932062754527997,-0.03389443331825089,0.0022177109426943704,0.591070454301157,0.5685664437336435,1.0,0.5798184490174003
CD4,Ki-67,0.492971838281165,0.026040983964696115,596,0.005080209345539474,-0.0046895472984512755,-0.03962482784938409,0.1082207252832172,0.7662378728016546,0.7934249704423961,1.0,0.7798314216220253
Ki-67,VISTA,0.4920191246931328,0.038057246018111404,1307,0.01114066042721492,-0.015092511843767654,-0.0434213444826383,2.344907623721003e-07,0.9377038401240391,0.9190098370734333,1.0,0.9283568385987362
GranzymeB,Beta-catenin,0.49188221800578624,0.00328670487795102,82,0.0006989549770708673,-0.014684744092693608,-0.03452925146838171,4.904943359829487e-07,0.8125708146654789,0.8185078980007963,1.0,0.8155393563331376
CD68,CD31,0.4914380760612661,0.10533026318293402,5535,0.047179460952283536,-0.10453086944940566,-0.04804932693385028,6.327754712838883e-61,0.9588072864826761,0.9295302325758591,1.0,0.9441687595292676
Ki-67,CD45RA,0.49136812995504753,0.030991430260047283,839,0.007151502753200702,-0.012777221505346256,-0.03930549597668278,1.2057279909681959e-05,0.7091064019408043,0.6785601136595788,1.0,0.6938332578001916
CD4,PD-1,0.4904504552911367,0.0880197164164773,2750,0.023440563255425425,-0.015764942666484292,0.013362247113453707,4.71794280694757e-06,0.9497768188120754,0.9498039073072784,1.0,0.9497903630596769
GranzymeB,alphaSMA,0.49042267019545005,0.005394135945462969,163,0.0013893861129579434,-0.019560552907063,-0.026728842328913715,2.078576286328365e-11,0.8212873177915344,0.825914909332619,1.0,0.8236011135620767
CD163,CD31,0.4903403245889836,0.09888375454009546,5200,0.04432397415571353,-0.09554413011297598,-0.042135689346751375,2.9641447083977283e-47,0.946639850853516,0.9386389954490949,1.0,0.9426394231513054
CD68,alphaSMA,0.48997413044511934,0.08860500195534368,4758,0.04055643635247788,-0.10989120690982236,-0.09661294963398706,3.0293132601622196e-241,0.9933635020269178,0.9438985698451416,1.0,0.9686310359360297
HLA-DR,alphaSMA,0.4898675089318277,0.08923869811215059,4779,0.04073543701733749,-0.1383017296338062,-0.10232244254409095,1.7069711734529286e-270,0.9410938955465725,0.897889782302861,1.0,0.9194918389247168
PD-L1,alphaSMA,0.48957472203679725,0.013545177339110898,422,0.0035970609795598287,-0.02132188391443633,-0.01948915445848491,2.4566491566220292e-11,0.6798411691619418,0.6477218136138299,1.0,0.6637814913878859
LAG-3,CD138,0.489488112933934,0.00752892692978285,190,0.0016195298249203022,-0.010576421609582144,-0.026650657426318797,0.00029157936610890007,0.6313335067995933,0.616980357895413,1.0,0.6241569323475031
CD3E,CD16,0.489411153300155,0.10877119690093238,5728,0.048824562300755214,-0.08125687346274886,-0.045345585703441535,1.875326306043764e-54,0.9332984848132901,0.9470814899869235,1.0,0.9401899874001068
PD-L1,CD45RA,0.4891953551027765,0.010472783691763996,243,0.0020712934076612287,-0.0200333400135712,-0.030767342499432616,6.772353243677363e-12,0.6161091201797645,0.6043971909317248,1.0,0.6102531555557447
Beta-catenin,PD-L1,0.4890641935232155,0.009041243459526008,235,0.0020031026781909,-0.016213173891928032,-0.03793371310482381,2.7985188414733532e-08,0.6716930851479822,0.6885704797899984,1.0,0.6801317824689903
PD-1,CD31,0.4888246117028728,0.05429099792242186,2378,0.020269694335055148,-0.08058802167892601,-0.07052344807486523,3.1730306586978073e-129,0.8620978800462729,0.8442875543317561,1.0,0.8531927171890145
CD16,Vimentin,0.4887790647555551,0.07254476596683458,3946,0.03363507731123954,-0.1713777151600866,-0.21493826039297026,0.0,0.994417500496153,1.004932947374811,0.89,0.999675223935482
CD3E,CD31,0.4886983571440818,0.08479073243647235,4538,0.038681191292043844,-0.0590704314406582,-0.11772742285644491,3.5449660543334834e-91,0.8490091399330183,0.8771983707978639,1.0,0.863103755365441
CD138,alphaSMA,0.4886612222967075,0.006543432030099787,200,0.0017047682367582128,-0.015104265805964443,-0.045146902826096826,2.2949080270329463e-07,0.6283216642732293,0.656462970484347,1.0,0.6423923173787882
CD138,PTEN,0.48816931570608846,0.0054703878406708595,167,0.0014234814776931076,-0.028226297934914654,-0.07325134463169848,4.0511097020803406e-22,0.6293296702621973,0.6751693180694491,1.0,0.6522494941658232
CD11c,Vimentin,0.48795010286540774,0.05065835244402072,1966,0.016757871767333232,-0.04967754474547168,-0.07975294463240637,5.291764416175384e-65,0.8283459177090167,0.8501414468470695,1.0,0.8392436822780431
CD163,PCNA,0.48765227143815293,0.10116427523390309,5309,0.04525307284474676,-0.08007125665530206,-0.0993932493382904,4.0531701456359907e-166,0.9563594327005889,0.9699997615867223,1.0,0.9631795971436556
CD138,CD68,0.4864422490693604,0.004715600507333572,145,0.0012359569716497041,-0.013350173490285494,-0.04975290920185081,4.81207059532751e-06,0.5650171234041436,0.5793593526286879,1.0,0.5721882380164157
PanCK,CD11c,0.4864021533435263,0.020711250279579513,463,0.0039465384680952625,-0.02285099509560063,-0.06355550222242085,4.964951113450115e-15,0.7920156766794211,0.7111854858353645,1.0,0.7516005812573927
PanCK,CD45,0.48556266736674214,0.029985273955212513,1181,0.010066656438057247,-0.07522593701941299,-0.10436749299464974,8.320259252936929e-147,0.8063056965439854,0.7272914354106703,1.0,0.7667985659773279
LAG-3,CD4,0.483898392428494,0.09347108779142099,3456,0.029458395131181914,-0.027158327183006387,-0.009686958355590547,0.0009066711907426018,0.9097454758472034,0.8973300606999308,1.0,0.9035377682735671
LAG-3,CD31,0.48346861163371024,0.08012234927021535,3903,0.03326855214033652,-0.05818498288832184,-0.06539653480746943,1.6223823944475267e-88,0.9094747740008382,0.8910490276141807,1.0,0.9002619008075095
CD138,HLA-DR,0.48291396621488963,0.0035878534851104082,110,0.000937622530217017,-0.017858390599936762,-0.06915631005731154,9.521726538373027e-10,0.521212708869902,0.5322667059089167,1.0,0.5267397073894093
CD45RA,Vimentin,0.48266276850504697,0.06714944042132982,3162,0.026952385823147344,-0.08908123134559344,-0.10384744572599847,2.8568106564856023e-205,0.6827076085193916,0.7153265821158572,1.0,0.6990170953176245
CD20,VISTA,0.4824806410344348,0.06396800257697367,2383,0.020312313540974104,-0.07067118713830844,-0.032343975470859605,1.5487507394956191e-28,0.9979080181865572,1.0672176117469796,0.555,1.0325628149667683
Beta-catenin,CD11c,0.48214540416275486,0.03020329702335877,1037,0.008839223307591333,-0.02013555610106544,-0.09483003666391727,5.296324723457135e-12,0.8375115431054867,0.8209437568196296,1.0,0.8292276499625582
CD163,Vimentin,0.481952487716064,0.07380148672827551,4001,0.034103888576348045,-0.12275942185314975,-0.20108771793888494,0.0,0.9166221052429702,0.928660328883184,1.0,0.9226412170630771
HLA-DR,CD31,0.48085873240552324,0.09660757194482811,5106,0.043522733084437173,-0.12931274530994583,-0.09810724491250618,9.802782337666647e-249,0.8616233296757861,0.8396436178696286,1.0,0.8506334737727074
CD8A,alphaSMA,0.48049161794168777,0.08582221477883846,4612,0.03931195553964439,-0.11488224299145011,-0.10119129757604024,1.4548081160216097e-264,0.8723681362134152,0.8570144276133856,1.0,0.8646912819134005
Beta-catenin,PD-1,0.48029147778766235,0.024211991647608632,974,0.008302221313012496,-0.07361614842552412,-0.15490401650620964,1.1678407796037611e-140,0.8573748289910869,0.8823828540524238,1.0,0.8698788415217553
CD11c,PCNA,0.4789445652105298,0.0487614690822135,1876,0.015990726060792035,-0.04148415145036614,-0.0842627362309945,7.395049344710955e-46,0.8233024106592443,0.8416831593712529,1.0,0.8324927850152486
CD11c,alphaSMA,0.47871558566528033,0.0477820090572252,1857,0.015828773078300006,-0.04864989748736724,-0.04964291529933972,2.055808957510734e-62,0.8166064329738237,0.8110836478569537,1.0,0.8138450404153887
CD4,Vimentin,0.4785707768438905,0.05765724177726486,2498,0.021292555277110076,-0.06633748125712798,-0.12461439235081753,1.5527465817203312e-114,0.7777756473680525,0.8084211073064252,1.0,0.7930983773372389
CD20,alphaSMA,0.47836351435138147,0.04408159006729616,1690,0.014405291600606898,-0.05821404306105949,-0.021340861728766473,2.664161662019691e-13,0.6230789823695726,0.6507510848709114,1.0,0.636915033620242
PanCK,alphaSMA,0.47700126262178566,0.017032303512126395,677,0.00577064048142655,-0.055565857898899444,-0.16596679001965178,6.9880717613386985e-81,0.8480735391162845,0.6681040989123654,1.0,0.7580888190143249
Beta-catenin,CD16,0.47456932233622867,0.043464548303798464,2205,0.018795069810259295,-0.08987801767669565,-0.19421173437271394,6.168598430437084e-209,0.9607908409187755,0.9937667831077386,1.0,0.9772788120132571
CD4,PCNA,0.47447402567918884,0.057096285947141695,2452,0.020900458582655688,-0.03768782430692792,-0.1137782636179731,3.793264049679271e-38,0.7668549470774569,0.7908048498533208,1.0,0.7788298984653889
CD8A,CD31,0.4738316050825827,0.0697442710063102,3780,0.03222011967473022,-0.1277387617343928,-0.1420977477144076,0.0,0.8394786334263451,0.8464963937190826,1.0,0.8429875135727138
CD20,Beta-catenin,0.473233674096583,0.0329748890411367,1107,0.009435892190456707,-0.04857391169552399,-0.08314696809565603,3.1790786260556393e-62,0.5903795297824216,0.6411070043574075,1.0,0.6157432670699146
LAG-3,Beta-catenin,0.4728838690050513,0.044050932520984465,2010,0.01713292077942004,-0.055129559698780736,-0.15475663042423485,1.2074835412893882e-79,0.9135072460396335,0.8898107566942157,1.0,0.9016590013669246
PanCK,CD20,0.4707720311809085,0.0023104104376189183,51,0.00043471590037334426,-0.03639340350149283,-0.09885995709836624,1.0970002142507634e-35,0.053893234682396624,0.04884274175249231,1.0,0.05136798821744447
PanCK,CD31,0.47019326049054455,0.013461538461538462,532,0.004534683509776846,-0.04391572124804698,-0.1703078797458973,3.5055870833218383e-51,0.7244517695734373,0.5803864381528197,1.0,0.6524191038631284
CD163,alphaSMA,0.46994235309634114,0.0790352504638219,4260,0.03631156344294993,-0.1000739881935396,-0.11769692135258131,9.013631732694934e-259,0.8980550682608732,0.8739155433619464,1.0,0.8859853058114098
CD4,Beta-catenin,0.46939113480208194,0.02860414811044662,1124,0.009580797490581156,-0.035026583180162954,-0.13828643883085504,3.52049368582064e-33,0.6941998764033627,0.7321753668214621,1.0,0.7131876216124124
CD20,PD-1,0.46926208025987887,0.026748073847943015,736,0.006273547111270223,-0.05357520265844224,-0.07597098112521869,2.5785203700513225e-75,0.48143651454306513,0.48040143431743937,1.0,0.4809189744302522
LAG-3,CD20,0.46920815576848285,0.033702842839263364,1131,0.009640464378867694,-0.04166688556717438,-0.08459059775151355,3.0151022828880808e-46,0.49987911826385023,0.48966578682619183,1.0,0.494772452545021
CD4,PanCK,0.4692001583548027,0.013714576739786823,377,0.003213488126289231,-0.03482285490181695,-0.10249572376643629,8.166957544524948e-33,0.4114948189038275,0.45353103490284624,1.0,0.43251292690333687
CD4,CD31,0.467172255538295,0.043754167337272665,1903,0.016220869772754394,-0.07069158621952269,-0.13156111110909735,7.808139333374928e-130,0.7637895817316611,0.8231429049805841,1.0,0.7934662433561226
CD4,PTEN,0.4662106889917953,0.0284229003510667,1263,0.010765611415128114,-0.10004358953536692,-0.16510077469576653,1.292915174206696e-258,0.6490659084726087,0.6916764410252353,1.0,0.670371174748922
alphaSMA,CD45RO,0.4638061871749824,0.08223684210526316,4400,0.03750490120868068,-0.1140829304484732,-0.09455804510567122,3.894422688580348e-231,0.7848882441217172,0.7924745453613559,1.0,0.7886813947415365
Beta-catenin,CD45RA,0.46343502208308734,0.04768023174321357,2041,0.01739715985611756,-0.06874371278649616,-0.12776180711465707,7.202252811658091e-123,0.6829186157218675,0.6314049878890918,1.0,0.6571618018054797
PanCK,VISTA,0.46320867116499753,0.026829455972503656,1046,0.008915937878245453,-0.05756853684856556,-0.18252522645732647,1.0930583511078846e-86,0.7735469131728567,0.6839897576767949,1.0,0.7287683354248258
CD20,CD8A,0.4626674266140393,0.04938950898705654,1885,0.016067440631446155,-0.08209059352537033,-0.062315371767586156,2.8515988942322726e-101,0.7003837312221588,0.6995450960095667,1.0,0.6999644136158627
CD31,CD45RO,0.46227074790252304,0.07004556867850832,3766,0.032100785898157146,-0.12088806823482613,-0.12984172081022533,0.0,0.8090837818117937,0.7938469415085085,1.0,0.8014653616601511
PanCK,CD3E,0.46175101545640546,0.028133641137522515,1109,0.009452939872824289,-0.06389896498217679,-0.16139928870650158,2.1486279464752951e-106,0.6914061655282235,0.6290407835818302,1.0,0.6602234745550268
CD20,PCNA,0.46023418007215144,0.026001914568833925,1005,0.00856646038971002,-0.07303869616314083,-0.12267055336829817,1.737092643092664e-138,0.41841916231435583,0.43519693558511796,1.0,0.4268080489497369
Beta-catenin,CD68,0.4599837139231795,0.03379338537307041,1736,0.014797388295061286,-0.11195304254624147,-0.24598063246556737,1e-323,0.9003562197203453,0.9347878040842773,1.0,0.9175720119023113
CD3E,alphaSMA,0.45989623041791816,0.07384264789664234,4018,0.03424879387647249,-0.14355267584182002,-0.09827969057433555,1.3166051083936679e-249,0.755370007297162,0.7604281045134904,1.0,0.7578990559053262
CD4,alphaSMA,0.4592891549671131,0.047153839114120986,2061,0.017567636679793382,-0.0707232944162654,-0.11650483590664591,5.991699271288649e-130,0.648703148845902,0.6780002536610806,1.0,0.6633517012534913
CD45RA,PD-1,0.45902731214427744,0.04464504200766742,1642,0.013996147223784927,-0.07368462279659964,-0.1000829779650983,6.436238037849861e-141,0.5965955926434181,0.6011079656601498,1.0,0.598851779151784
LAG-3,CD45RA,0.4590156002358713,0.05602900324874052,2380,0.02028674201742273,-0.05546636286460549,-0.1143033941099278,1.340991569278708e-80,0.6037687557288305,0.5870372877797738,1.0,0.5954030217543022
CD45RA,alphaSMA,0.45891248917894395,0.05717956278168569,2715,0.02314222881399274,-0.08820989018270171,-0.10098502265579007,2.671112630196471e-201,0.5975619948361414,0.6344617604029872,1.0,0.6160118776195642
PanCK,CD45RA,0.45864485324250037,0.003792117369140868,122,0.0010399086244225098,-0.04968089040808636,-0.14265733382355436,5.188981921207244e-65,0.11270196795337867,0.09718191962695383,1.0,0.10494194379016625
Beta-catenin,CD8A,0.4580149674505161,0.031047563466588855,1596,0.013604050529330537,-0.12223335154917513,-0.2412186470416059,0.0,0.7981220293664244,0.8037933228302284,1.0,0.8009576760983264
CD45RA,CD163,0.45555466582282844,0.06530812145990375,3067,0.02614262091068719,-0.08948874344136099,-0.13026577642430645,3.847837445224651e-207,0.6583488859189583,0.6908969900264526,1.0,0.6746229379727054
CD20,PTEN,0.4555041475798409,0.016096630642085188,633,0.005395591469339743,-0.12129307733883349,-0.16506933884206654,0.0,0.2963411674696603,0.34060923265029014,1.0,0.3184752000599752
CD45RA,PCNA,0.4550607073321098,0.0620949863574352,2913,0.02482994936838337,-0.08901479839450858,-0.13873869791075474,5.754639177776142e-205,0.5788581980231993,0.6028804257858755,1.0,0.5908693119045374
CD45RA,CD31,0.4539322252726482,0.07497464885973808,3475,0.029620348113673946,-0.09337138606331778,-0.12893616617553205,2.1263025703130148e-225,0.6967333798518429,0.7793288004497211,1.0,0.738031090150782
CD20,CD163,0.45386204835551325,0.024152106885919837,940,0.0080124107127636,-0.07430832703705222,-0.134436503116294,2.758104081155803e-143,0.41475537558275777,0.44685826098404513,1.0,0.43080681828340145
Beta-catenin,HLA-DR,0.4531000950232713,0.029656405472636815,1526,0.013007381646465163,-0.1278235836480093,-0.2829668879246812,0.0,0.8401121231830467,0.866302641987563,1.0,0.8532073825853048
Beta-catenin,CD163,0.4516592316705824,0.029575185697853508,1517,0.012930667075811043,-0.09791191843421465,-0.23897275130873197,9.485225173563534e-248,0.8263725286800171,0.8429548004252343,1.0,0.8346636645526258
CD20,CD31,0.45140994872842866,0.02425353858869718,939,0.008003886871579808,-0.07889805622011742,-0.149601123253373,2.4861596992065578e-161,0.46989398841040625,0.5519854083737611,1.0,0.5109396983920836
alphaSMA,CD45,0.44880349941350073,0.09000410126393497,4828,0.041153105235343254,-0.2358260478562319,-0.16749718244652623,0.0,0.7977406318338135,0.7977406318338136,1.0,0.7977406318338136
Beta-catenin,CD3E,0.448459522454552,0.019807877041306435,1031,0.008788080260488586,-0.13754787759310041,-0.23282082737571028,0.0,0.7464185606581207,0.7365882568298638,1.0,0.7415034087439922
CD20,CD16,0.44776498253286645,0.014306732281467201,564,0.00480744642765816,-0.08446041936975293,-0.15252991514089112,1.1545520557280663e-184,0.22416817109556578,0.2412007990052311,1.0,0.23268448505039843
CD31,CD45,0.44692641176128367,0.07650830121553513,4129,0.0351949402478733,-0.23681637644994216,-0.21494201586113298,0.0,0.7588635059624115,0.7320836868833628,1.0,0.7454735964228871
Beta-catenin,CD45RO,0.44549081256445044,0.02482400889218229,1273,0.010850849826966024,-0.11279176598941884,-0.24623047916407642,0.0,0.763465206662233,0.7616367938276457,1.0,0.7625510002449394
CD20,CD68,0.4442815225056107,0.01714792299898683,677,0.00577064048142655,-0.08879716588682604,-0.16630663259652764,5.685258271983681e-204,0.2932957815322484,0.315537501180873,1.0,0.30441664135656066
CD45RA,PTEN,0.44167695953660907,0.0293441209084562,1429,0.01218056905163743,-0.15902817247307968,-0.24101409309672772,0.0,0.4033847638058256,0.45314164367325943,1.0,0.4282632037395425
CD45RA,CD16,0.4351567282324777,0.03872838355596976,1870,0.01593958301368929,-0.10417758806335708,-0.18451798670397257,2.2917661089798956e-280,0.3581017279177355,0.3773954241517771,1.0,0.3677485760347563
CD45RA,CD68,0.434214766547576,0.043783055065850875,2111,0.017993828738982934,-0.11226018559773099,-0.19094030189487707,0.0,0.4501013396473795,0.47109769060140166,1.0,0.46059951512439057
Beta-catenin,CD45,0.42117046305029104,0.018092609628948174,944,0.008046506077498764,-0.2269851227767631,-0.38768609272571203,0.0,0.7537743589389116,0.7407183504916349,1.0,0.7472463547152732
