"","B-cells","CAFs","Cancer Epithelial","Endothelial","Myeloid","Normal Epithelial","PVL","Plasmablasts","T-cells"
"spot_1",0,0.8864771923162,0.1135228076838,0,0,0,0,0,0
"spot_2",0,0.938782448585377,0.0165687222778205,0.00782898393792613,0,0,0.0248223557502639,0,0.0119974894486127
"spot_3",0,0,1,0,0,0,0,0,0
"spot_4",0,0,0.027785758017007,0,0.820898099684767,0,0,0,0.151316142298225
"spot_5",0,0.92360791403124,0.0259870785944176,0,0,0,0.0504050073743418,0,0
"spot_6",0,0.985432621227662,0.0145673787723377,0,0,0,0,0,0
"spot_7",0,0.00420564995612158,0.248517835273732,0.0118739783646898,0.735402536405456,0,0,0,0
"spot_8",0,0.603681409347257,0.0454563304448036,0.161396582424732,0.0913795051374596,0,0.0781620156670227,0,0.019924156978725
"spot_9",0,0.89935694946418,0.10064305053582,0,0,0,0,0,0
"spot_10",0,0.981509066658624,0.018490933341376,0,0,0,0,0,0
"spot_11",0,0.00490546370038213,0.81181685927905,0,0.171095571304023,0.0121821057165443,0,0,0
"spot_12",0,0.161415486951436,0.804716720349676,0,0,0.033867792698888,0,0,0
"spot_13",0,0.221813120951717,0.054240190999987,0.0333405424853928,0.667214860565375,0,0,0,0.0233912849975278
"spot_14",0.0238275719814426,0,0.77567498928615,0,0,0.200497438732407,0,0,0
"spot_15",0,0.84651830992488,0.0305701563241375,0.0102864477059698,0,0,0.0741032832112613,0,0.0385218028337519
"spot_16",0,0.963453232769306,0.0165569229438124,0.00441376544193685,0,0,0.0155760788449448,0,0
"spot_17",0,0.22280670399764,0.755192891558533,0,0,0.0220004044438269,0,0,0
"spot_18",0,0,0.894575710327416,0,0,0.105424289672584,0,0,0
"spot_19",0,0.947055756188306,0.0175152755989619,0.00810892835468389,0,0,0.0211916191327165,0,0.00612842072533202
"spot_20",0.0554673763338093,0.65955088025742,0.227865164206067,0,0,0.0054099204676078,0,0,0.0517066587350952
"spot_21",0,0.431378679313095,0.0552404153463142,0.198832045471879,0.161002847393549,0.00734088436386209,0.103363630057028,0,0.0428414980542731
"spot_22",0,0.860353031793558,0.0291677798172923,0.0938386664830305,0,0,0.0097798446657656,0,0.0068606772403536
"spot_23",0,0.365278402789899,0.0824431543016853,0.210441018882181,0.258642730506963,0,0.0762353018584429,0,0.00695939166082854
"spot_24",0,0,0.647682630070663,0,0,0.352317369929337,0,0,0
"spot_25",0,0.455528297292995,0.0679311199455876,0.181757415477227,0.235685411595865,0,0.0461676905634838,0,0.0129300651248422
"spot_26",0,0.916023464198809,0.0839765358011917,0,0,0,0,0,0
"spot_27",0,0.972254796743433,0.022415595857713,0.00532960739885448,0,0,0,0,0
"spot_28",0,0.580762823290056,0.0679066443330606,0.19821063798107,0,0,0.106992577189258,0,0.0461273172065551
"spot_29",0,0.00519572417788478,0.490382501444736,0.0556753490167218,0.4011552712453,0,0,0,0.0475911541153577
"spot_30",0,0,0.0131830542634547,0,0.986816945736545,0,0,0,0
"spot_31",0,0.78934161343828,0.178341950050998,0,0.00638959707640251,0,0.0259268394343193,0,0
"spot_32",0,0.00227701952425637,0.00514441037874257,0.01757567032469,0.582234889870936,0,0.0129474827590551,0,0.37982052714232
"spot_33",0,0,0.826275489605702,0,0,0.173724510394298,0,0,0
"spot_34",0,0.00197524990275077,0.576152569538345,0,0.421872180558904,0,0,0,0
"spot_35",0,0.902728682906316,0.0972713170936843,0,0,0,0,0,0
"spot_36",0,0,0.722181458696688,0,0,0.132355759706297,0,0,0.145462781597015
"spot_37",0,0.976059668335417,0.023940331664583,0,0,0,0,0,0
"spot_38",0,0.970013896639558,0.0299861033604424,0,0,0,0,0,0
"spot_39",0,0.00316782243616904,0.996832177563831,0,0,0,0,0,0
"spot_40",0,0.642471830434898,0.0286112553808567,0.103424385725666,0.0897863796463693,0,0.0958239844889477,0,0.0398821643232628
"spot_41",0,0.935627349199004,0.064372650800996,0,0,0,0,0,0
"spot_42",0.222179575274571,0,0.179629143850704,0,0,0.0324826299694743,0,0,0.565708650905251
"spot_43",0,0.802953280082993,0.0644370238099464,0.13260969610706,0,0,0,0,0
"spot_44",0,0.979227373728336,0.0162970576726849,0.00447556859897869,0,0,0,0,0
"spot_45",0,0.958774714893275,0.0178309143543438,0.00678445046707463,0,0,0.0166099202853063,0,0
"spot_46",0,0,0.00935842809974478,0.00834961643004914,0.982291955470206,0,0,0,0
"spot_47",0,0.678560273079959,0.127436875168087,0.078558473996077,0.0717842761229588,0,0.0436601016329181,0,0
"spot_48",0,0,0.556150100557377,0,0,0.381134290020191,0,0,0.0627156094224319
"spot_49",0,0.671388405491633,0.120332302413678,0.176469779502296,0,0,0.0318095125923927,0,0
"spot_50",0,0.487687928460771,0.0234325833119657,0.118770838182133,0.312727403063121,0,0.0462741444087027,0,0.0111071025733068
"spot_51",0,0.985923797133016,0.0140762028669841,0,0,0,0,0,0
"spot_52",0,0,0.504113559786404,0,0,0.495886440213596,0,0,0
"spot_53",0,0,1,0,0,0,0,0,0
"spot_54",0,0.00163008322092758,0.908872253338997,0,0.0637680553267789,0.0257296081132968,0,0,0
"spot_55",0,0.983057140855661,0.016942859144339,0,0,0,0,0,0
"spot_57",0.19035362371989,0.131202314412365,0,0.0206091643017622,0.63117609253511,0,0,0,0.0266588050308722
"spot_58",0,0.00461973964903449,0.76209588399719,0,0,0.215383380375239,0,0,0.0179009959785366
"spot_59",0,0,0.152388781258828,0.0147987095556478,0.706278019479567,0,0,0,0.126534489705957
"spot_60",0,0.927490941525882,0.0476835555936269,0,0,0,0.0248255028804909,0,0
"spot_61",0,0.143193151251057,0.754805200327637,0,0,0.102001648421306,0,0,0
"spot_62",0,0.967293342018524,0.0327066579814755,0,0,0,0,0,0
"spot_63",0,0,0.0380675295173618,0.0117116521964122,0.815530200225026,0,0,0,0.1346906180612
"spot_64",0,0.794638985772592,0.029517920924942,0.0893543094827066,0,0,0.0731395416726106,0,0.013349242147149
"spot_65",0,0.898672769774141,0.0294454821979164,0,0,0,0.0635642676544664,0,0.00831748037347668
"spot_66",0,0,0.477551148884383,0.0354903252881091,0,0.0177407971328653,0,0,0.469217728694642
"spot_67",0,0.95828442021644,0.017506796745294,0.00671539590154938,0,0,0.0174933871367164,0,0
"spot_68",0,0.890918148714286,0.0223651780275165,0.078763790660739,0,0,0,0,0.0079528825974588
"spot_69",0,0.986131295478523,0.0138687045214764,0,0,0,0,0,0
"spot_70",0,0,0.485330579708546,0,0,0.0363311403923393,0,0,0.478338279899115
"spot_71",0,0.733967271807128,0.153669184199118,0.0394517689252653,0,0,0,0,0.0729117750684888
"spot_72",0,0.912267161631515,0.0684560854161212,0.0192767529523634,0,0,0,0,0
"spot_73",0,0.679730789667133,0.0512205731809577,0.165716448145566,0,0.0233489154710242,0.0663596790713237,0,0.013623594463995
"spot_74",0,0.792765313765407,0.0940637157058411,0.0447108691587268,0,0,0,0,0.0684601013700246
"spot_75",0,0.328593727369287,0.609241728305631,0,0,0.0273957601003995,0.0347687842246828,0,0
"spot_76",0,0.822286439709665,0.177713560290334,0,0,0,0,0,0
"spot_77",0,0.00247639824590154,0.190927754965361,0.0232838133598607,0.760462495107626,0,0,0,0.0228495383212511
"spot_78",0,0.655506517338212,0.0389528013873153,0.157438765886295,0.0137860163935086,0.0208344916532142,0.0709589585724678,0,0.0425224487689875
"spot_79",0,0.0015415029063855,0.76984939039872,0,0,0.228609106694894,0,0,0
"spot_80",0,0,0.156800680193083,0,0,0.0298304296413421,0,0,0.813368890165575
"spot_81",0,0.981316959749437,0.0186830402505631,0,0,0,0,0,0
"spot_82",0,0.963342632412569,0.0366573675874308,0,0,0,0,0,0
"spot_83",0,0.773661457741581,0.0799792172260552,0.00237353483943297,0,0,0.0550033035869953,0,0.0889824866059358
"spot_84",0,0.94994816286835,0.0207191990118035,0,0.0293326381198471,0,0,0,0
"spot_86",0,0.0102560496623469,0.95612078492364,0,0,0.0336231654140133,0,0,0
"spot_87",0,0,0.65599264778688,0,0,0.305998008069061,0,0,0.0380093441440587
"spot_88",0,0.97661736529728,0.0182738744360804,0.00510876026663909,0,0,0,0,0
"spot_89",0,0,0.853054592140713,0,0,0.146945407859287,0,0,0
"spot_90",0,0.970435731365256,0.0295642686347444,0,0,0,0,0,0
"spot_91",0,0.979961997769839,0.0200380022301615,0,0,0,0,0,0
"spot_92",0,0.941734506132587,0.010750973758899,0,0,0,0,0,0.047514520108514
"spot_93",0,0,0.701812733457001,0,0,0.298187266542999,0,0,0
"spot_94",0,0.939419236671718,0.0179619713193976,0.00711773963754105,0,0,0.0261997878750823,0,0.00930126449626134
"spot_95",0,0.00477925584153222,0.844576863582013,0,0,0.150643880576455,0,0,0
"spot_96",0,0.98061617758503,0.0165515202837829,0,0.0028323021311869,0,0,0,0
"spot_97",0.047023101561829,0,0.162023807387815,0,0.790953091050356,0,0,0,0
"spot_98",0,0,0.150690416353973,0.0116069758685423,0.827314684957556,0,0,0,0.0103879228199286
"spot_99",0,0.0035061060229733,0.976804861868832,0,0,0.0196890321081945,0,0,0
"spot_100",0,0.664301118955507,0.0280945679752353,0.111072670253671,0.0664651466328866,0,0.0886479500993984,0,0.0414185460833015
"spot_101",0,0,0.815393945605757,0,0,0.184606054394243,0,0,0
"spot_102",0,0.982455758611778,0.0175442413882217,0,0,0,0,0,0
"spot_103",0,0.95912590230956,0.0207926815462055,0.0200814161442353,0,0,0,0,0
"spot_104",0,0.977044668176667,0.0179032952026923,0.00505203662064004,0,0,0,0,0
"spot_105",0,0.824143706038381,0.01358147451704,0.0176357614246782,0.0666169770246667,0,0.0780220809952343,0,0
"spot_106",0,0.985784354117535,0.011364409455129,0,0.00285123642733619,0,0,0,0
"spot_107",0,0.927260947990395,0.016909392629857,0.00799219193123406,0,0,0.0391285322855662,0,0.00870893516294774
"spot_108",0,0.0177677473587825,0.838806496053338,0,0,0.14342575658788,0,0,0
"spot_109",0,0.942247054425852,0.0577529455741478,0,0,0,0,0,0
"spot_110",0,0.239810507330062,0.728182528070781,0,0,0.0320069645991573,0,0,0
"spot_111",0,0.996571251220205,0,0,0,0,0,0,0.00342874877979468
"spot_112",0,0.0245196050387477,0.870743975043023,0,0.00503150861811143,0.0383263348058974,0.034629960420526,0,0.0267486160736949
"spot_113",0,0,0.719952362123493,0,0.280047637876507,0,0,0,0
"spot_114",0,0.975269226528736,0.0192909938488419,0.00543977962242222,0,0,0,0,0
"spot_115",0,0.215158171255143,0.653838753522832,0,0,0.013680758907708,0,0,0.117322316314317
"spot_116",0,0,1,0,0,0,0,0,0
"spot_117",0,0.040976048849941,0.0529653988731242,0.0769553589861705,0.785346831932806,0,0,0,0.043756361357958
"spot_118",0,0.788587655092312,0.211412344907688,0,0,0,0,0,0
"spot_119",0,0.923370801686598,0.0158326339120459,0.0355359450734784,0,0,0.0172093958389256,0,0.00805122348895195
"spot_120",0,0.932496108773027,0.0185736361602835,0.00714536785699829,0,0,0.0333569204292694,0,0.0084279667804224
"spot_121",0,0,1,0,0,0,0,0,0
"spot_122",0,0.917014404183521,0.0199738515987634,0.00512631533339658,0,0,0.0578854288843193,0,0
"spot_123",0,0.453116677917118,0.411756712397745,0.135126609685136,0,0,0,0,0
"spot_124",0,0.976609391041486,0.0169300621242844,0.00646054683422974,0,0,0,0,0
"spot_125",0,0.991465906298317,0,0,0,0,0,0,0.00853409370168283
"spot_126",0,0,0.429605433262969,0,0.537662858586554,0,0,0,0.0327317081504766
"spot_127",0,0.84509475592149,0.0469707093121107,0.107934534766399,0,0,0,0,0
"spot_128",0,0.839576726183448,0.160423273816552,0,0,0,0,0,0
"spot_129",0,0.84411124271578,0.0251572766497387,0.0781384711962719,0,0,0.0525930094382093,0,0
"spot_130",0,0,1,0,0,0,0,0,0
"spot_131",0,0.825298303617943,0.0180160283370462,0.0705140658431644,0.0312152911081357,0,0.0442405152722481,0,0.0107157958214621
"spot_132",0,0.342506007596751,0.148803537568064,0.0110465126652949,0,0,0.11249365087714,0,0.38515029129275
"spot_133",0,0.940242372122148,0.0206533661242788,0.00504719073042877,0,0,0.0340570710231448,0,0
"spot_134",0,0.848269278950217,0.0711412674245624,0.0805894536252203,0,0,0,0,0
"spot_135",0,0.0253638602043739,0,0.0206160927117679,0.763431839044378,0,0.0269608305534806,0,0.163627377486
"spot_136",0,0.640976134511708,0.020347177902135,0.0274813084600553,0.261005999410465,0,0.0122350010854864,0,0.0379543786301496
"spot_137",0,0.906930947758521,0.0173178880455685,0.0596815946009717,0,0,0.0160695695949391,0,0
"spot_138",0,0.610939698747391,0.0151465813960109,0.143479564910364,0.173747592052267,0,0.0442488581458191,0,0.0124377047481485
"spot_139",0,0.974293585877151,0.0182651327137049,0.00744128140914386,0,0,0,0,0
"spot_140",0,0.653293718655177,0.321337722860038,0,0,0.0253685584847845,0,0,0
"spot_141",0,0,0.136093378786218,0,0.639248937849353,0,0,0,0.224657683364428
"spot_142",0,0,0.109790734592219,0.0234995345733807,0.646864903651477,0,0,0,0.219844827182923
"spot_143",0,0.626814075818441,0.0242577468274482,0.0203980173641928,0.25154139040414,0,0.0708337040499535,0,0.00615506553582551
"spot_144",0,0.959960757099787,0.0168580609695009,0.00690272608016576,0,0,0.0162784558505457,0,0
"spot_145",0,0.978149872082408,0.0165153037711388,0.00533482414645339,0,0,0,0,0
"spot_146",0.0450453390651308,0.9438981433534,0,0,0.00368605727443324,0,0,0,0.00737046030703671
"spot_147",0,0.181280195133922,0.0157335197128844,0.116090859348167,0.510753020574441,0,0.146469789901744,0,0.0296726153288414
"spot_148",0.237358146812719,0,0.425259194863148,0,0,0.267621369375239,0,0,0.0697612889488937
"spot_149",0,0.9710329573793,0.0289670426206996,0,0,0,0,0,0
"spot_150",0,0.0293873952621297,0.355294639234281,0.0671429888868798,0.0268404747858169,0,0,0,0.521334501830893
"spot_151",0,0.00725373167890766,0.07638010526484,0.0869094340622992,0.447741973900992,0,0,0,0.381714755092961
"spot_152",0,0.937717684247508,0.0171971657192354,0.0046460057636249,0,0,0.0325980877283636,0,0.00784105654126836
"spot_153",0,0.562762305300286,0.0169533519607961,0.118546717145501,0.175715518254474,0.0146939241862697,0.100897080768171,0,0.0104311023845023
"spot_154",0,0.553584407956409,0.348026497902951,0,0.0983890941406396,0,0,0,0
"spot_155",0,0.985431940588088,0.014568059411912,0,0,0,0,0,0
"spot_156",0,0.647066998521106,0.0354020140956571,0.145006219241989,0.0965158038211771,0,0.0621335768676291,0,0.0138753874524423
"spot_157",0,0.932035802462757,0.0679641975372433,0,0,0,0,0,0
"spot_158",0,0.930197703928196,0.0698022960718034,0,0,0,0,0,0
"spot_159",0,0.0775634185832137,0.697792299175696,0,0,0.224644282241091,0,0,0
"spot_160",0,0.42264239478581,0.40087122469616,0,0,0.17648638051803,0,0,0
"spot_161",0,0,0.47725355627626,0,0,0.471589994012613,0,0,0.0511564497111265
"spot_162",0,0.0161437732002689,0.523561954402478,0.193857780878157,0.132354381903333,0,0.134082109615763,0,0
"spot_163",0,0.807119697158595,0.0255755819541863,0.102410866818517,0.0115442003659557,0,0.0533496537027453,0,0
"spot_164",0,0.887509116311363,0.0328465742595413,0.0796443094290959,0,0,0,0,0
"spot_165",0,0.977602079027315,0.0165815846009946,0.00581633637169038,0,0,0,0,0
"spot_166",0.18218210810119,0,0.584309399436328,0,0.0885608076120983,0.0107888972751139,0,0,0.134158787575269
"spot_167",0,0.983599087557342,0.016400912442658,0,0,0,0,0,0
"spot_168",0,0.868861095207696,0.0191961313271251,0.0738691573122864,0.0129432844549025,0,0.0194360736903544,0,0.00569425800763479
"spot_169",0,0.845074931609656,0.0209202898522514,0.0872721764683835,0.0308148188211713,0,0.00899778492261551,0,0.00691999832592172
"spot_170",0,0.979053851954096,0.0165961357904576,0.00435001225544651,0,0,0,0,0
"spot_171",0,0.977005988523458,0.0188971800418829,0.00409683143465849,0,0,0,0,0
"spot_172",0,0.427451112573542,0.0510034026164419,0.224371723265676,0.135036051256831,0.0153918634049922,0.108875978971916,0,0.0378698679106008
"spot_173",0,0,0.704660581377382,0,0.295339418622617,0,0,0,0
"spot_174",0,0.0469827265425828,0,0.0233656812119256,0.540057497611197,0,0.01637230825623,0,0.373221786378064
"spot_175",0,0.479241523033461,0.0346013173589045,0.0156149256528974,0.283227821375521,0,0,0,0.187314412579216
"spot_176",0.0976983942114157,0,0.0103021418269316,0,0.891999463961653,0,0,0,0
"spot_177",0,0,0.163774415011007,0,0.50013686804802,0,0,0,0.336088716940972
"spot_178",0,0.919962916403157,0.0175451327307735,0.0624919508660693,0,0,0,0,0
"spot_179",0,0.878195517863963,0.0186666193712053,0.0730675931653377,0,0,0.0199841311445951,0,0.0100861384548992
"spot_180",0,0.673906376155696,0.0320348165218168,0.0839746636028467,0.00452840630119275,0,0.111643927420054,0,0.093911809998394
"spot_181",0,0.0071048662961041,0.567765965786358,0,0,0.425129167917539,0,0,0
"spot_182",0,0,0.0842913857175017,0.00927104912505468,0.829957792147152,0,0,0,0.0764797730102923
"spot_183",0,0.00408234935464894,0.967223834698492,0,0,0.0286938159468585,0,0,0
"spot_184",0,0,0.151654011430947,0,0.685551866368823,0,0,0,0.162794122200229
"spot_185",0,0.894886062074557,0.017764241780485,0.0658847559655673,0,0,0.0156270058310119,0,0.00583793434837861
"spot_186",0,0.00794075669734434,0.738731394351232,0,0.0102610445959202,0.243066804355504,0,0,0
"spot_187",0,0.395081523687333,0.604918476312667,0,0,0,0,0,0
"spot_188",0,0,1,0,0,0,0,0,0
"spot_189",0,0.331421200281626,0.422860539659933,0.0944459733115534,0,0.0126966936112395,0,0,0.138575593135648
"spot_190",0,0.00227230401002298,0.229730913808568,0,0.644967856286378,0,0,0,0.123028925895032
"spot_191",0,0.0130425560508888,0.515488860345809,0.0530157901076868,0,0.304593268579089,0,0,0.113859524916526
"spot_192",0,0,0.702851004492949,0,0,0.297148995507051,0,0,0
"spot_193",0,0.153347959608383,0,0.0969971949353495,0.275363428770592,0,0.0150951008205951,0,0.459196315865081
"spot_194",0,0,0.0480839072507717,0.0162475359743642,0.935668556774864,0,0,0,0
"spot_195",0,0.0231132282084256,0.117616121779422,0.0120055928389204,0.0558997837206971,0.0125824600430925,0.0542685122637655,0,0.724514301145677
"spot_196",0,0.437174455883241,0,0.0287408576391366,0.497556056706411,0,0,0,0.0365286297712116
"spot_197",0,0.0300841254524353,0.0232359827992364,0.114453552827624,0.754068910942242,0,0.00513115606152872,0,0.0730262719169338
"spot_198",0,0.98550768867902,0,0,0.00937112224522972,0,0,0,0.00512118907575064
"spot_199",0,0,0.146384483821691,0,0.761544719267456,0,0,0,0.0920707969108536
"spot_200",0,0,0.529321487830857,0,0,0.470678512169143,0,0,0
"spot_201",0,0.935004632628385,0.0168619823742658,0.00796999973647735,0.0112896465654637,0,0.0202416310287327,0,0.00863210766667551
"spot_202",0,0.978958308718913,0.0210416912810866,0,0,0,0,0,0
"spot_203",0,0.972353458893037,0.0276465411069625,0,0,0,0,0,0
"spot_205",0,0.983167483367882,0.0168325166321183,0,0,0,0,0,0
"spot_206",0,0,1,0,0,0,0,0,0
"spot_207",0,0.402991505979253,0.470552665551405,0,0,0.126455828469342,0,0,0
"spot_208",0,0.41700429161887,0.512258781679884,0,0,0.0463655202292239,0,0,0.0243714064720222
"spot_209",0.375073685018509,0,0.0136724360435359,0,0.497090307579303,0,0,0,0.114163571358652
"spot_210",0,0.00694469106303384,0.705386412971137,0,0,0.287668895965829,0,0,0
"spot_211",0,0.984356622420923,0.0156433775790773,0,0,0,0,0,0
"spot_212",0.0379158574828479,0.0462173791622031,0.327420042541087,0.0661753166618871,0.00946357025840033,0.00536288638407855,0,0,0.507444947509496
"spot_213",0,0.964105719503678,0.0175927013677568,0.00539018786195024,0.0129113912666151,0,0,0,0
"spot_214",0,0.979918726130787,0.0200812738692133,0,0,0,0,0,0
"spot_215",0,0.81573572656255,0.0237085093251658,0.0889403432667351,0,0,0.0625605596147298,0,0.00905486123081881
"spot_216",0,0.00302590355160581,0.519923444363827,0,0,0.477050652084567,0,0,0
"spot_217",0,0.984432660295508,0.0155673397044918,0,0,0,0,0,0
"spot_218",0.196689949741217,0,0.038623322924157,0,0,0.0364912453125428,0,0,0.728195482022083
"spot_219",0,0,0.750914461695443,0,0,0.217832050375292,0,0,0.0312534879292654
"spot_220",0,0.982456746086205,0.0175432539137948,0,0,0,0,0,0
"spot_221",0,0.915246957834922,0.0547215737693349,0,0,0,0.00651446884147393,0,0.0235169995542697
"spot_222",0,0.9795456307092,0.0168015381036838,0.00365283118711638,0,0,0,0,0
"spot_223",0,0.830292749038457,0,0,0.00611161870877316,0,0,0,0.16359563225277
"spot_224",0,0,0,0.0113448001460822,0.628808843019202,0,0.00679867534396999,0,0.353047681490745
"spot_225",0,0.98700158664062,0.01299841335938,0,0,0,0,0,0
"spot_226",0,0.972498161022045,0.0230035916869438,0.00449824729101194,0,0,0,0,0
"spot_227",0,0.650901104128146,0.0297090810328359,0.0671877143327167,0,0,0.0705793620093862,0,0.181622738496916
"spot_228",0,0.00271612885778828,0.707778198503994,0,0.00490462252084388,0.252828861316365,0,0,0.0317721888010083
"spot_229",0,0.782288644354681,0.195910917706835,0,0,0.0218004379384845,0,0,0
"spot_230",0,0,0.999999999999999,0,0,0,0,0,0
"spot_231",0,0.020922518331907,0,0,0.887682505254535,0,0,0,0.091394976413558
"spot_232",0,0.923141736998018,0.0277296785127945,0,0.0227451632303336,0,0.026383421258853,0,0
"spot_233",0,0.992003130016656,0.000762222853975512,0,0,0,0,0,0.00723464712936814
"spot_234",0,0,0.0658469951610571,0,0.934153004838943,0,0,0,0
"spot_235",0.135585370788399,0,0.0113346855475241,0,0.853079943664076,0,0,0,0
"spot_236",0,0,0.811179455671511,0,0.166670895150884,0.0221496491776051,0,0,0
"spot_237",0,0.310924439960842,0.205029827498257,0.0171004665796972,0.29587690738685,0,0.138954212103022,0,0.0321141464713319
"spot_238",0,0.900997260131608,0.0156299132126045,0.0599241305652489,0,0,0.017145165109312,0,0.00630353098122605
"spot_239",0,0,0.864188815803791,0,0,0.135811184196209,0,0,0
"spot_240",0,0.949006364741234,0.0169770436974341,0,0,0,0.0254020017747688,0,0.00861458978656273
"spot_241",0,0,0.265987603982707,0,0.602178748025198,0,0,0,0.131833647992095
"spot_242",0,0,0.535494699742584,0,0.242216061947266,0.22228923831015,0,0,0
"spot_243",0,0.749203696769965,0.0419341574665645,0.122710210298928,0.0861519354645423,0,0,0,0
"spot_244",0,0.722844052785518,0.0421648524982555,0.126529405770783,0.0144040495707486,0.0262320098500133,0.0545260314954148,0,0.0132995980292664
"spot_245",0,0.924166648993924,0.0758333510060766,0,0,0,0,0,0
"spot_246",0,0.829698289482744,0.12707154574806,0.00824784936669444,0,0,0.0349823154025012,0,0
"spot_247",0,0.138032835521434,0.0388617717157336,0.0324022085508693,0.503826454922802,0,0.105968259180742,0,0.180908470108419
"spot_248",0,0.00687628783219449,0.350621050376596,0.0869825767608773,0.00298922448499372,0.0166958940215378,0.0124611254364464,0,0.523373841087354
"spot_249",0.196364158061075,0,0.504570534108304,0,0,0.299065307830621,0,0,0
"spot_250",0,0.762801507884471,0.206691328268009,0,0.0305071638475209,0,0,0,0
"spot_251",0,0.973876070860163,0.0217003522595833,0.00442357688025378,0,0,0,0,0
"spot_252",0,0.973990770447605,0.0202643561912273,0.00574487336116761,0,0,0,0,0
"spot_253",0,0.96051542714275,0.0394845728572503,0,0,0,0,0,0
"spot_254",0,0.977195921066706,0.0228040789332939,0,0,0,0,0,0
"spot_255",0,0.00419967512349389,0.728726719542107,0,0,0.2670736053344,0,0,0
"spot_256",0,0.94389831119272,0.05610168880728,0,0,0,0,0,0
"spot_258",0,0.983695262897391,0.0163047371026098,0,0,0,0,0,0
"spot_259",0,0.56897613900676,0.0545219242321244,0,0.376501936761116,0,0,0,0
"spot_260",0,0,0.959463084033266,0,0,0.00939740432950265,0,0,0.0311395116372314
"spot_261",0,0.155072965870563,0.715552595788792,0.102867331016977,0,0,0.026507107323668,0,0
"spot_262",0,0.953149902071555,0.046850097928445,0,0,0,0,0,0
"spot_263",0,0.0179713554193734,0.0100791204887134,0.0572616382066335,0.914687885885279,0,0,0,0
"spot_264",0,0.708424456862109,0.0342997520727609,0.128692355453438,0.0577009850244558,0,0.0544432273446577,0,0.0164392232425789
"spot_265",0,1,0,0,0,0,0,0,0
"spot_266",0,0.0036657582431095,0.968693667142169,0,0.00328800715657847,0.0243525674581434,0,0,0
"spot_267",0,0.97828509428938,0.0183448114916415,0.00337009421897854,0,0,0,0,0
"spot_268",0,0.924866842812469,0.0751331571875308,0,0,0,0,0,0
"spot_269",0,0.988591684168049,0.0114083158319511,0,0,0,0,0,0
"spot_270",0,0,0.0559274791018221,0.001995388284937,0.361381471958255,0,0,0,0.580695660654987
"spot_271",0,0.172762504404936,0.747997622700527,0.00945342854658077,0,0.0697864443479557,0,0,0
"spot_272",0,0.817112603436985,0.017534215537539,0,0,0,0.0741484693021237,0,0.0912047117233523
"spot_273",0,0.777888524856958,0.0461020140051739,0.108712664982012,0.0332739836020603,0,0.0272807847348159,0,0.00674202781897947
"spot_274",0,1,0,0,0,0,0,0,0
"spot_275",0,0.940999206183835,0.0225549398431313,0.0218555160378281,0.014590337935205,0,0,0,0
"spot_276",0,0,0.602874161689322,0,0,0.0747031273300783,0,0,0.3224227109806
"spot_277",0,0,0.915219045202066,0,0.0595708701071227,0.025210084690811,0,0,0
"spot_278",0,0.841363510468877,0.0171970315584051,0.0877058200674112,0,0,0.0445637198931891,0,0.00916991801211747
"spot_279",0,0.82765011772492,0.0213007590511341,0.00717621886230941,0.126403044111643,0,0.00847750740441162,0,0.00899235284558248
"spot_280",0,0.820167471684698,0.0243953909255313,0.0810617052432352,0.0506401027120325,0,0,0,0.023735329434503
"spot_281",0,0.0292296970999654,0.174820961740717,0.0232204521951272,0.747295038194234,0,0,0,0.0254338507699565
"spot_282",0,0.353286730883016,0.646713269116983,0,0,0,0,0,0
"spot_283",0,0.932717587870874,0.0672824121291254,0,0,0,0,0,0
"spot_284",0,0.906049247327169,0.0133190891413088,0.00478672297036889,0,0,0.0256773714100528,0,0.0501675691511012
"spot_285",0,0,0.81905198608398,0,0,0.18094801391602,0,0,0
"spot_286",0,0.893314569767078,0.0181005178409463,0.0645648460208801,0,0,0.0159297309851934,0,0.00809033538590267
"spot_287",0,0.658291147396038,0.0296855849367318,0.0785421701451529,0,0,0.111811430225406,0,0.121669667296671
"spot_288",0,0.97971813686189,0.0159256424380749,0.00435622070003455,0,0,0,0,0
"spot_289",0,0.953484333752275,0.0465156662477249,0,0,0,0,0,0
"spot_290",0,0.725171573936962,0.085167759541219,0.150355802416399,0,0,0.0257862325711419,0,0.0135186315342783
"spot_291",0,0.880340230611562,0.0149276875513968,0.00468130652401275,0,0,0.0235670290739868,0,0.0764837462390425
"spot_292",0,0.00630184211166447,0.909709087233122,0,0,0.0248642990643431,0,0,0.0591247715908706
"spot_293",0,0.904353690676861,0.0345120427647712,0.00686781117934208,0,0,0.0542664553790258,0,0
"spot_294",0,0.28602502388759,0,0.617831292506069,0.00362258612874714,0,0.0925210974775938,0,0
"spot_295",0.0138505521311951,0,0.0735447447675296,0.880235810957771,0.0064453095574438,0,0.0125869120252081,0,0.0133366705608529
"spot_296",0.129564420571513,0,0.152735828377007,0.334653953554723,0,0.00811898187882782,0,0,0.374926815617931
"spot_297",0,0.971353989955708,0.0230476163504267,0.00559839369386542,0,0,0,0,0
"spot_298",0,0.878625381891818,0.105080840927118,0,0.0162937771810646,0,0,0,0
"spot_299",0,0,0.865518245930568,0,0,0.0106388939847792,0,0,0.123842860084652
"spot_300",0,0.970257446434891,0.0151419044562974,0.00600614024916587,0,0,0.00859450885964485,0,0
"spot_301",0,0.97554867461271,0.0183677789065204,0.00608354648077017,0,0,0,0,0
"spot_302",0.0574290264797033,0,0.728305552219711,0,0,0.214265421300586,0,0,0
"spot_303",0,0.964275809248065,0.0357241907519343,0,0,0,0,0,0
"spot_304",0,0.860511139553925,0.0325901560746367,0.0715897314157291,0,0,0.0258575396878809,0,0.0094514332678285
"spot_305",0,0.949472209368641,0.0178622038911232,0,0,0,0.0326655867402364,0,0
"spot_306",0,0.00139813570974686,0.870458366626479,0,0,0.128143497663774,0,0,0
"spot_307",0,0.959797708469378,0.0402022915306214,0,0,0,0,0,0
"spot_308",0,0.0309280730690087,0,0.0248485711054224,0.564880652633965,0,0.116376504909719,0,0.262966198281885
"spot_309",0,0.284560424649368,0.423518296407465,0,0,0.291921278943166,0,0,0
"spot_310",0,0.760680123303806,0.207815786126733,0,0,0.0052809589660876,0,0,0.0262231316033739
"spot_311",0,0.979322041086524,0.0137679028996665,0,0.00691005601380926,0,0,0,0
"spot_312",0.125423885210432,0,0.0176819605890964,0.0379036639424357,0,0.0140742483530749,0,0,0.804916241904961
"spot_313",0,0.937093225705956,0.0378216417958116,0,0,0,0.0250851324982321,0,0
"spot_314",0,0,0,0.0141421174694992,0.551005587468753,0,0.0114888361290402,0,0.423363458932708
"spot_315",0,0.892369599325244,0.107630400674756,0,0,0,0,0,0
"spot_316",0,0,0.861546567911531,0,0.00409331104818611,0.134360121040283,0,0,0
"spot_317",0,0.173715789622739,0.0531993638863666,0.0772158399699291,0.00735156762383064,0,0.401621625098766,0,0.286895813798369
"spot_318",0,0,0.503312427725092,0,0,0.496687572274909,0,0,0
"spot_319",0,0.984492884564776,0.0155071154352242,0,0,0,0,0,0
"spot_320",0,0.00391265554148233,0.624925750751657,0,0.179022223661162,0.192139370045699,0,0,0
"spot_321",0,0.973500531651119,0.0205758369515008,0.00592363139737963,0,0,0,0,0
"spot_322",0,0.912262874252086,0.0661556217964012,0,0.0215815039515136,0,0,0,0
"spot_323",0,0.75203995755983,0.021484438479844,0.129776228567315,0.0412998903737502,0,0.0457753761978131,0,0.00962410882144641
"spot_324",0,0.854854167182571,0.145145832817429,0,0,0,0,0,0
"spot_325",0,0,0.496715564190518,0.502333088423024,0,0.00095134738645744,0,0,0
"spot_326",0.209140071521325,0,0.00516401517257417,0.52758855595613,0.00781815986542187,0.00663282606929756,0,0,0.243656371415252
"spot_327",0,0.00156886512603822,0.116314480974672,0.768556081835983,0.00204407913982848,0.111516492923478,0,0,0
"spot_328",0,0,0,0.967796232275563,0.00697618492617576,0,0.0114142432637539,0,0.0138133395345072
"spot_329",0,0,0.724732401594129,0.275267598405871,0,0,0,0,0
"spot_330",0.0809003450961403,0,0.484378221037764,0.434721433866096,0,0,0,0,0
"spot_331",0,0,0.422662623765066,0.169790811462389,0,0.407546564772544,0,0,0
"spot_332",0,0.027407367241999,0,0.248293293205509,0.700837594066514,0,0,0,0.0234617454859788
"spot_333",0,0,0.00800205581688383,0,0.936810473390424,0,0,0,0.0551874707926921
"spot_334",0,0,0.513089227103168,0,0.486910772896832,0,0,0,0
"spot_335",0,0.889419479104844,0.020142098782125,0.0805703947418818,0,0,0.00986802737114923,0,0
"spot_336",0,0.724889526208297,0.0498119846197181,0.165706353157312,0.0298609246769397,0,0.023832099983342,0,0.00589911135439138
"spot_337",0,0,0.573366015641739,0,0,0.426633984358261,0,0,0
"spot_338",0,1,0,0,0,0,0,0,0
"spot_339",0,0.814495630427895,0.0261558178955768,0.0725499415482099,0.0336648508667128,0,0.046983748898999,0,0.00615001036260615
"spot_340",0,0,0.0706256174606565,0.0104421403132187,0.762280013473933,0,0,0,0.156652228752192
"spot_341",0,0,0.955402067621249,0,0.00399121858158559,0.0406067137971649,0,0,0
"spot_342",0,0.983410805082604,0.0165891949173958,0,0,0,0,0,0
"spot_343",0,0.583038504876279,0.0657656605563725,0.192188336121701,0.0641309333253779,0.0297250223280667,0.0569063500927073,0,0.00824519269949581
"spot_344",0,0.979703019514912,0.0202969804850874,0,0,0,0,0,0
"spot_345",0,0.974423632950848,0.0184220544836922,0.00715431256545984,0,0,0,0,0
"spot_346",0,0.680191215272625,0.189734872648122,0.114620688446022,0.0154532236332308,0,0,0,0
"spot_347",0,0.881171688966333,0.0194316289330318,0.0758341256948053,0,0,0.016904898448439,0,0.00665765795739075
"spot_348",0,0.974348653063882,0.0256513469361178,0,0,0,0,0,0
"spot_349",0,0,1,0,0,0,0,0,0
"spot_350",0,0.444854329544206,0.359487705836274,0.100318431431031,0.0483219256682667,0,0.0470176075202226,0,0
"spot_351",0,0.835194408561636,0.0320454020435574,0.123926582694739,0,0,0,0,0.0088336067000679
"spot_352",0,0,0.670508746765652,0,0,0.0138050137250182,0,0,0.31568623950933
"spot_353",0,0.661093021776779,0.337968646762755,0,0,0.000938331460466525,0,0,0
"spot_354",0,0.354908253752211,0.63501757536731,0,0,0.0100741708804795,0,0,0
"spot_355",0,0.0102049276714959,0.784684398433681,0,0,0.205110673894824,0,0,0
"spot_356",0,0.756298462307912,0.0707463302135044,0.150608507266914,0,0.0223467002116692,0,0,0
"spot_357",0,0.273994595231399,0.0475439061893242,0.259212758917514,0.324320394648746,0,0.063140097679999,0,0.0317882473330186
"spot_358",0,0.267572008179974,0.600196770345914,0,0,0,0,0,0.132231221474111
"spot_359",0,0.614242449050602,0.0147038576485893,0.345316271674567,0,0,0.0187967547664766,0,0.00694066685976434
"spot_360",0,0,0.704258500744729,0.106153918178912,0,0.0275931135650195,0,0,0.161994467511339
"spot_361",0,0,0.0179443125648429,0.833954057709139,0,0,0.00920920747557456,0,0.138892422250444
"spot_362",0,0.979199730858645,0.0208002691413544,0,0,0,0,0,0
"spot_363",0,0.884639477185203,0.0179412822200475,0.0736813460949019,0,0,0.0172207944832279,0,0.00651710001661972
"spot_364",0,0.00563779290054765,0.926648753841082,0,0.00530718360038924,0.0267308653125106,0,0,0.0356754043454702
"spot_365",0,0.987246936202631,0.0127530637973691,0,0,0,0,0,0
"spot_366",0,0.248334809225873,0.436428858202012,0.064116764931682,0.0563386260613385,0.0528688976736946,0,0,0.1419120439054
"spot_367",0,0,0.168427701193048,0,0.476715241871141,0,0,0,0.354857056935811
"spot_368",0,0.777626155281366,0.15516411127546,0.00787028375561917,0.059339449687554,0,0,0,0
"spot_369",0,0.749197143350234,0.0308388277009812,0.00296216023128659,0.00681900120070798,0,0.101350384080136,0,0.108832483436655
"spot_370",0,0.980221087431799,0.0197789125682009,0,0,0,0,0,0
"spot_371",0,0.989420159596409,0.0105798404035908,0,0,0,0,0,0
"spot_372",0,0.498432691359429,0.0320901522835994,0.106385837576041,0.27749990883801,0,0.0723105219693985,0,0.013280887973522
"spot_373",0,0,0.710552222471959,0,0,0.289447777528041,0,0,0
"spot_374",0,0,0,0.0241569368192817,0.498710780638829,0,0.0488704379680159,0,0.428261844573873
"spot_375",0,0.845795020054703,0.0198642407570145,0.0662167453863505,0.0409543751061687,0,0.0202846321614653,0,0.00688498653429761
"spot_376",0,0,0.951605776757254,0,0.0483942232427463,0,0,0,0
"spot_377",0,0.768989872701631,0.0828024535417244,0.109577857560717,0,0,0.0386298161959274,0,0
"spot_378",0,0.96440237789602,0.0355976221039799,0,0,0,0,0,0
"spot_379",0,0.924383851168276,0.017469494647488,0.00726052542492691,0,0,0.0441825842139522,0,0.00670354454535684
"spot_380",0,0.42272045829363,0.177852124981463,0.131649593705515,0.267777823019392,0,0,0,0
"spot_381",0,0.708821795334025,0.0263107169213807,0.125626386362655,0.0979969816926637,0.0153032534869669,0.0170181311529063,0,0.00892273504940235
"spot_382",0,0.974823626963619,0.0219938842841913,0.00318248875219008,0,0,0,0,0
"spot_383",0,0.0252608984202799,0.786917868139807,0,0,0.187821233439913,0,0,0
"spot_384",0.0725650058602024,0.759436055219994,0.112383771533859,0,0.0131370863354153,0,0,0,0.0424780810505296
"spot_385",0,0.823789538505305,0.0370206746891471,0.0994117083694092,0,0,0.0301233038719989,0,0.00965477456413939
"spot_386",0,0,0.92716432958715,0,0,0.07283567041285,0,0,0
"spot_387",0,0.968589085441541,0.0314109145584587,0,0,0,0,0,0
"spot_388",0,0.86072446344053,0.0237735107032073,0.00569917689009992,0,0,0.0675837029038458,0,0.0422191460623171
"spot_389",0.0483081101101904,0.0730864115056194,0.068811370259753,0,0.809794108124438,0,0,0,0
"spot_390",0,0.414963170914951,0.00174013592861504,0.0186008224266005,0.406114887163521,0,0.0116070891248906,0,0.146973894441422
"spot_391",0,0.628714950499566,0.0215604520154004,0.119445525742669,0.147316513776293,0,0.0721888142422686,0,0.010773743723803
"spot_392",0,0.737871444511675,0.0709861900528359,0.00267576430683744,0,0,0.0706472223341778,0,0.117819378794474
"spot_393",0,0,0.793393088397063,0,0,0.206606911602937,0,0,0
"spot_394",0,0.504934727765803,0.0893825701984135,0.241539200603845,0,0,0.13036777039767,0,0.0337757310342683
"spot_395",0,0.0016419778655485,0.943566254518158,0,0,0.054791767616293,0,0,0
"spot_396",0,0.058075363584799,0.00230157188374702,0.127209251107933,0.731758588482812,0,0.0404452444414233,0,0.0402099804992858
"spot_397",0,0.969966556460286,0.0300334435397139,0,0,0,0,0,0
"spot_398",0,0.959561487920818,0.0186832284510357,0,0.0217552836281464,0,0,0,0
"spot_399",0,0.756248440899485,0.0511656303805407,0.102708591169747,0.0197007342818837,0,0.0592773653459046,0,0.0108992379224389
"spot_400",0,0.882338515254113,0.0212446113453327,0.0777853878370677,0,0,0.0104816266161347,0,0.00814985894735192
"spot_401",0.325955702212173,0,0,0.0024135638314041,0,0,0,0,0.671630733956423
"spot_402",0,0.961675225291336,0.0163079419399677,0.00647583783482238,0,0,0.0155409949338741,0,0
"spot_403",0,0.743345114720748,0.0230940671358259,0.119899087463622,0.0541594119009053,0,0.0460170734348372,0,0.0134852453440607
"spot_404",0,0,0.653030384371882,0,0.0535499992961824,0.293419616331936,0,0,0
"spot_405",0,0.954739597518,0.0219511423503411,0.0072816238193854,0,0,0.0160276363122733,0,0
"spot_406",0,0.948071471993005,0.0453092889776112,0.0066192390293831,0,0,0,0,0
"spot_407",0,0.967466138382207,0.0172002430743065,0,0,0,0.0153336185434858,0,0
"spot_408",0,0.937114413265902,0.0628855867340982,0,0,0,0,0,0
"spot_409",0,0,0.991604434061642,0,0,0.00839556593835759,0,0,0
"spot_410",0,0.963831835859015,0.0169539191219612,0,0,0,0,0,0.0192142450190231
"spot_411",0,0,0.603274165724465,0,0,0.396725834275535,0,0,0
"spot_412",0,0,0.0928582054870923,0,0.646914586186833,0,0,0,0.260227208326075
"spot_413",0,0.870081159182773,0.129918840817228,0,0,0,0,0,0
"spot_414",0,0.00522207080581996,0.754409888939196,0,0,0.240368040254984,0,0,0
"spot_415",0,0,0.898214242953069,0,0,0.0775998501111287,0,0,0.024185906935802
"spot_416",0,0.949964963236677,0.0158461058259403,0.00709894821518835,0,0,0.0216570772289817,0,0.00543290549321266
"spot_417",0,0.851176417697638,0.0341340927581342,0.107786539839238,0,0,0,0,0.00690294970498961
"spot_418",0.210014022369036,0,0.544587362021671,0,0,0.17810489900915,0,0,0.0672937166001422
"spot_419",0,0.00648253524917946,0.741780360343987,0,0.251737104406834,0,0,0,0
"spot_420",0,0.996159931589714,0,0,0,0,0,0,0.00384006841028549
"spot_421",0,0.00936199236806289,0.457297531273748,0.00930770157834254,0.458021258430779,0,0.0588523986273432,0,0.00715911772172459
"spot_422",0,0,0.852252723924268,0,0,0.147747276075732,0,0,0
"spot_424",0,0,0.151122021268995,0.0404674548465889,0.170246093871254,0.0101209976903087,0,0,0.628043432322853
"spot_425",0,0.792339162586299,0.0534442598203746,0.133077257222665,0,0.0211393203706621,0,0,0
"spot_426",0,0,0.855275641822672,0,0,0.144724358177329,0,0,0
"spot_427",0,0,0.561653605126686,0,0.24089073561127,0.197455659262044,0,0,0
"spot_428",0,0.802111589475638,0.0389521451042391,0.00390386522656204,0.0313468712955923,0,0.0905665192286095,0,0.033119009669359
"spot_429",0,0.903029682716522,0.0202906340069181,0.00729913906264623,0,0,0.0636295738078368,0,0.00575097040607688
"spot_430",0,0,0.968803600526375,0,0,0.0311963994736251,0,0,0
"spot_431",0,0.790250435794955,0.0164275313411299,0.0942160094301898,0.03723780618319,0,0.0514412111668313,0,0.0104270060837034
"spot_432",0,0.890905431494964,0.0183673407268373,0.0206548558646204,0,0,0.0611592675264835,0,0.00891310438709559
"spot_433",0,0,0.768313036549904,0,0,0.231686963450096,0,0,0
"spot_434",0,0.975164350650275,0.0185420703508475,0.00629357899887762,0,0,0,0,0
"spot_435",0,0.711841470518139,0.0195348765615235,0.0267591272068711,0.192184183744863,0,0.0374048563518362,0,0.0122754856167678
"spot_436",0,0.153531184664563,0.714722453954147,0,0,0.0012617326892692,0,0,0.130484628692021
"spot_437",0,0.0177487011933136,0.655642249428043,0,0,0.296369308885228,0,0,0.0302397404934148
"spot_438",0,0.0156359909163992,0.651015314176244,0,0.329882261643362,0,0,0,0.00346643326399457
"spot_439",0,0.727547653935914,0.0221810188542453,0.116831913887607,0,0,0.0921449083965246,0,0.0412945049257092
"spot_440",0,0.0575770723606364,0.353246363095112,0.0207128775403245,0.530060572220026,0,0,0,0.0384031147839015
"spot_441",0,0.804265571147098,0.0148868311680333,0.0113853208131765,0.151420682820731,0,0.0180415940509606,0,0
"spot_442",0,0,0.7789729002524,0,0,0.2210270997476,0,0,0
"spot_443",0,0.732425867762983,0.0256323419207705,0.114442246050042,0.117590915984,0,0,0,0.00990862828220426
"spot_444",0,0.36209734667261,0.453508851725754,0.0171163509324371,0.167277450669199,0,0,0,0
"spot_445",0,0.95180899746989,0.0165410388736576,0.00590424922289012,0,0,0.0170924784306149,0,0.00865323600294741
"spot_446",0,0.950032030708433,0.0499679692915676,0,0,0,0,0,0
"spot_447",0,0.930827905663985,0.0378756405451981,0,0,0,0.0312964537908169,0,0
"spot_448",0,0.00266233852582959,0.176977374294394,0.0104588093869253,0.721936314438467,0,0,0,0.0879651633543833
"spot_449",0,0.830367832997473,0.0247869842371404,0.0807026237917029,0,0,0.0545210534656486,0,0.0096215055080354
"spot_450",0,0.980834553213729,0.0191654467862714,0,0,0,0,0,0
"spot_451",0,0.918904786487794,0.0476833656145171,0,0,0,0.0334118478976888,0,0
"spot_452",0.244815127934863,0,0.00945202923063229,0,0,0.00917809506481656,0,0,0.736554747769688
"spot_453",0,0.809861285738477,0.0201759011929694,0.101304136600141,0.0437823975167484,0,0.0155745329010105,0,0.00930174605065419
"spot_454",0,0.0891970139954018,0.00808115470325428,0.00860117228697978,0.894120659014365,0,0,0,0
"spot_455",0,0.00138062217463449,0.773013113139591,0,0.190234669888183,0.0240162115477909,0,0,0.0113553832498003
"spot_456",0,0,0.0311478894605944,0.0130088680181547,0.95584324252125,0,0,0,0
"spot_457",0,0.815531700075391,0.117141373830804,0,0.0323572909257268,0,0.034969635168079,0,0
"spot_458",0,0.963009870258367,0.0158762690754512,0.00728945173902906,0,0,0.0138244089271524,0,0
"spot_459",0,0.00167127304343653,0.912415624251592,0,0,0,0,0,0.0859131027049722
"spot_460",0,1,0,0,0,0,0,0,0
"spot_461",0,0.944393207624559,0.0186071794681303,0,0.00334700961266167,0,0.0265578769350101,0,0.00709472635963851
"spot_462",0,0.0698359059827006,0.792538209382056,0,0,0.137625884635244,0,0,0
"spot_463",0.132222466336723,0,0.108197830900088,0.116711742515151,0,0.0116778992651488,0,0,0.631190060982889
"spot_464",0,0.657469103449915,0.015723843702747,0.0964458320869217,0.220602026273448,0,0,0,0.0097591944869682
"spot_465",0,0.00190747029291331,0.945632518970974,0,0,0.0524600107361121,0,0,0
"spot_466",0,0.80304444924926,0.0405115216787947,0.120560337762312,0,0,0.0265808455146572,0,0.00930284579497611
"spot_467",0,0,0.422557123492596,0,0.338932405039497,0.238510471467907,0,0,0
"spot_468",0,0.96071275800533,0.0392872419946701,0,0,0,0,0,0
"spot_469",0,0.414012358219673,0.0424994838279268,0.0834674443849308,0.0560387543801138,0,0.403981959187356,0,0
"spot_470",0,0.969971130899953,0.0257394834310555,0.00428938566899181,0,0,0,0,0
"spot_471",0,0.976191535847098,0.0190137553976032,0.00479470875529853,0,0,0,0,0
"spot_472",0,0.850562627347526,0.0271100022748692,0.00645125918333221,0.0511939141174683,0,0.064682197076804,0,0
"spot_473",0.156570953316669,0,0.00706681432976571,0,0.751289333372655,0,0,0,0.0850728989809099
"spot_474",0,0.850610922092834,0.0221891676870743,0.0085490418655475,0.0373836291455676,0,0.0709722964493755,0,0.0102949427596007
"spot_475",0,0,0.343168978556199,0,0.628200756736082,0,0,0,0.0286302647077192
"spot_476",0,0,0.373422061983722,0,0.280843369603812,0.00908452910798315,0,0,0.336650039304483
"spot_477",0,0.0499036226674162,0,0.0258209166836237,0.824314214822226,0,0.0102083242439705,0,0.0897529215827635
"spot_478",0.455000113527167,0,0.29675773550453,0,0.0335308004084859,0.0049308458474159,0,0,0.209780504712401
"spot_480",0,0.817269803866122,0.0197378213224957,0.071992611073619,0.0363525229584573,0,0.0471208877281986,0,0.00752635305110739
"spot_481",0,0.288948244551699,0.458554041765457,0,0,0.252497713682843,0,0,0
"spot_482",0,0.165861607122282,0.784172092157174,0,0,0.0499663007205447,0,0,0
"spot_483",0,0.735457105022793,0.0511007756469637,0.149331207309519,0,0.03085469942233,0.0264409770929658,0,0.00681523550542918
"spot_484",0,0.557809694748236,0.182433022398147,0,0,0.259757282853616,0,0,0
"spot_485",0,0.989255376680775,0.0107446233192253,0,0,0,0,0,0
"spot_487",0,0.795656904856165,0.0230000535260324,0.0895506376841488,0.0368159959309865,0,0.0461728180511231,0,0.00880358995154401
"spot_488",0,0.142221651363629,0.413725149595129,0.323747377445232,0.0161849419807997,0,0.031454990861368,0,0.0726658887538424
"spot_489",0,0.00670465785321272,0.852622742535928,0,0,0,0.0448388391791183,0,0.0958337604317414
"spot_490",0,1,0,0,0,0,0,0,0
"spot_491",0,0.00350733392549075,0.787996846084261,0,0,0.208495819990248,0,0,0
"spot_492",0,0.855464110647113,0.113204219390131,0,0,0,0,0,0.0313316699627557
"spot_493",0,0,0.0124947023589278,0.0176414527224287,0.890845961698631,0,0,0,0.0790178832200128
"spot_494",0,0.965981916510077,0.0340180834899228,0,0,0,0,0,0
"spot_495",0,0.924187665910656,0.0758123340893438,0,0,0,0,0,0
"spot_496",0,0.904610280423392,0.0179095324661769,0.0604934225746924,0,0,0.0169867645357388,0,0
"spot_497",0,0.748411453982027,0.0215036100954962,0.120408113406164,0.0251499213216586,0.0202798726311463,0.0538001790852713,0,0.010446849478236
"spot_498",0,0.50425417640319,0.424000679791887,0.00364035548217758,0,0,0.0576717154820219,0,0.0104330728407234
"spot_499",0,0,1,0,0,0,0,0,0
"spot_500",0,0.983210571123319,0.0167894288766809,0,0,0,0,0,0
"spot_501",0,0.421980686467087,0.00926574512004198,0.107670134827828,0.311618106897369,0,0.0824747583758417,0,0.0669905683118324
"spot_502",0,0.676103718989863,0.0277018715821668,0.130905016782506,0.0471633898982746,0,0.0812928536436029,0,0.0368331491035858
"spot_503",0,0.809075729977472,0.0433182027656972,0.091923775327258,0,0,0.0556822919295732,0,0
"spot_504",0.356019311024816,0.0384220646619498,0.489285443393702,0,0.0523646301396874,0.0222338866849081,0,0,0.0416746640949368
"spot_505",0,0.875820852139735,0.0166632912896583,0.00277307208988832,0.00295582250392656,0,0.0845082045059506,0,0.0172787574708413
"spot_506",0,0.955583621149176,0.0444163788508239,0,0,0,0,0,0
"spot_507",0,0.961528995749798,0.0384710042502017,0,0,0,0,0,0
"spot_508",0,0.846923079542704,0.153076920457296,0,0,0,0,0,0
"spot_509",0,0.2932171078389,0.552171700790086,0,0,0.0701460459361173,0.0844651454348966,0,0
"spot_510",0,0.66759980202178,0.0172548029986742,0.102394509622317,0.0429124202686321,0.0383361830929678,0.118706447205288,0,0.0127958347903416
"spot_511",0,0.806987064937366,0.0405673230067952,0.129194816558169,0,0,0.0168033343138179,0,0.00644746118385155
"spot_512",0,0.66691106001462,0.159271440616341,0,0.173817499369039,0,0,0,0
"spot_513",0,0.00452531155374176,0.927303839772794,0,0,0.0681708486734647,0,0,0
"spot_514",0,0.835426991481714,0.0216938929396316,0.0702340382470785,0.046506163516271,0,0.0192084723240051,0,0.00693044149129956
"spot_515",0,0.0497649334150096,0.398625184277496,0.0702456458728412,0.00531218889640866,0.00897809855046251,0,0,0.467073948987782
"spot_516",0,0.752142609133471,0.0238085695088399,0.00750119739421697,0,0,0.112321931475676,0,0.104225692487797
"spot_517",0,0.964254833950589,0.0218514476422399,0.00490233511477194,0,0,0,0,0.00899138329239993
"spot_518",0,0.916088222245051,0.0562913747082521,0.0276204030466973,0,0,0,0,0
"spot_519",0,0.972380323301262,0.0183784137496629,0,0.00924126294907498,0,0,0,0
"spot_520",0,0.264574281579324,0.147431237769025,0.0894047272401002,0,0.0110070736244502,0,0,0.4875826797871
"spot_521",0,0.0052830096415861,0.869260071734355,0,0,0.0891050841363688,0,0,0.0363518344876897
"spot_522",0,0.00580731778561918,0.877769427343101,0,0,0.11642325487128,0,0,0
"spot_523",0,0.773556696992289,0.0150533814564944,0.122822963701393,0.0527572212061326,0,0.0245769432988585,0,0.0112327933448328
"spot_524",0,0.00457856697367842,0.901919419638532,0,0,0.0935020133877898,0,0,0
"spot_525",0,0,1,0,0,0,0,0,0
"spot_526",0,0,0.970917595680032,0,0,0.0290824043199681,0,0,0
"spot_527",0,0.945891417042038,0.054108582957962,0,0,0,0,0,0
"spot_528",0,0.467153453800619,0.384505869717825,0,0,0,0.148340676481556,0,0
"spot_529",0,0.107167260767905,0.0240665704934572,0.138681736562358,0.385863954187813,0,0.0981692932064569,0,0.24605118478201
"spot_530",0,0,0.207168053011242,0.0420917771990928,0.0072611619874579,0.00823533609420115,0,0,0.735243671708007
"spot_531",0.120594602036349,0,0.682869610618664,0,0.196535787344987,0,0,0,0
"spot_532",0,0.996269996104814,0,0,0.00373000389518604,0,0,0,0
"spot_533",0,0.831730871537963,0.0225886822092164,0.106010053938031,0,0,0.0306633924962039,0,0.00900699981858647
"spot_534",0,0.792297925880892,0.0222418322690098,0.103842068297241,0,0,0.0709823779453261,0,0.0106357956075311
"spot_535",0,0,0.325028331543329,0,0.420053548422284,0.18448344906905,0,0,0.0704346709653363
"spot_536",0,0.694455053658169,0.024923740079003,0.15367198570462,0.057136641724725,0,0.0593798986448398,0,0.0104326801886438
"spot_537",0,0.70663420694656,0.0665610630228122,0.0351104093781739,0.0072679788985258,0.0260774247695241,0,0,0.158348916984404
"spot_538",0,0.620123599942016,0.32683963337603,0,0,0.0530367666819539,0,0,0
"spot_539",0,0.926828721709736,0.0223108962470119,0,0.00235296915011433,0,0,0,0.0485074128931378
"spot_540",0,0.0100639559105155,0,0,0.172435476944243,0.423273297069331,0.318265372248824,0,0.0759618978270865
"spot_541",0,0.200227523519396,0,0.00195077945254652,0.00445323585986223,0,0.353787572219938,0,0.439580888948257
"spot_542",0,0.834743551915308,0.0227257746269,0.0896215292797312,0,0,0.0452901306701725,0,0.00761901350788811
"spot_543",0,0.00583241384014213,0.86500794039131,0,0,0.129159645768548,0,0,0
"spot_544",0,0,0.94149584307394,0,0,0.0585041569260598,0,0,0
"spot_545",0,0.00759405321105704,0.912182322000416,0.0512246720983525,0.00566727019425327,0,0.0233316824959216,0,0
"spot_546",0,0.983564388908481,0.0164356110915193,0,0,0,0,0,0
"spot_547",0,0.00772199747160104,0.893581408133964,0.0304807023264803,0,0.0394849466426366,0,0,0.0287309454253178
"spot_548",0,0.645936956470978,0.0246375502043277,0.123505318401245,0.153268533841851,0,0.0423470110018432,0,0.0103046300797539
"spot_549",0,0.872217144986331,0.0617276171461275,0.00735230681807258,0,0,0.0587029310494688,0,0
"spot_550",0,0,0.101745597419125,0,0,0.0483763293437138,0,0,0.849878073237161
"spot_551",0,0.87697068090654,0.105731858157675,0,0,0.0032268265722379,0,0,0.0140706343635477
"spot_552",0,1,0,0,0,0,0,0,0
"spot_553",0,0.540545804002141,0.0198769810267567,0.181937287914589,0.158430056378341,0,0.0851831726924474,0,0.0140266979857248
"spot_554",0,0.768084212486372,0.0214217494004428,0.115999804927985,0.0294411758083476,0,0.0533474126184025,0,0.0117056447584498
"spot_555",0,0,1,0,0,0,0,0,0
"spot_556",0,0.89820630022381,0.018907639207729,0.00584769773223633,0,0,0.0261654154805497,0,0.0508729473556744
"spot_557",0,0,0.97266893939969,0,0,0.0273310606003098,0,0,0
"spot_559",0,0.926558770871056,0.0391076103317971,0,0,0,0.0343336187971469,0,0
"spot_560",0,0.975863528078027,0.0192311332280065,0,0,0,0,0,0.00490533869396644
"spot_561",0,0.21020679040157,0.411670071424754,0.0444796788684932,0.00582625182694582,0,0.0565136617684306,0,0.271303545709806
"spot_562",0,0.975230664193481,0.0195366216538829,0.0052327141526361,0,0,0,0,0
"spot_563",0,0.597811949912209,0.402188050087791,0,0,0,0,0,0
"spot_564",0,0.978013275381022,0.0175111841450773,0.00447554047390122,0,0,0,0,0
"spot_565",0.279882571584135,0,0.141225835480951,0,0,0.0427525639884112,0,0.0352601570560487,0.500878871890454
"spot_566",0,0.0122341216102466,0,0.0133737716810058,0.917708524573981,0,0,0,0.0566835821347667
"spot_567",0,0,0.0515213554933361,0,0.711050999996921,0.00900045591266672,0,0,0.228427188597076
"spot_568",0,0,0.549855731131797,0,0,0.0391554461036927,0,0,0.41098882276451
"spot_569",0,0.907454796434075,0.0925452035659249,0,0,0,0,0,0
"spot_570",0,0.870093306089205,0.0325863227434916,0.0973203711673034,0,0,0,0,0
"spot_571",0,0.0185703953495268,0.0129597495991708,0.0753392734755031,0,0.58623141477247,0.25850145454084,0,0.0483977122624901
"spot_572",0,0,1,0,0,0,0,0,0
"spot_573",0,0,0.853958162575325,0,0,0.0169436900930453,0,0,0.129098147331629
"spot_574",0,0.0039731997842745,0.950836380040667,0,0,0,0,0,0.0451904201750591
"spot_575",0,0.738551621016514,0.0207723125292207,0.0245934918606058,0.158069953498208,0,0.0493161611002126,0,0.0086964599952386
"spot_576",0,0.884336820277555,0.0174995902057247,0.0724533401864362,0,0,0.0176313125528477,0,0.00807893677743608
"spot_577",0,0.78282662350143,0.193799418946908,0,0,0,0,0,0.0233739575516612
"spot_578",0,0.851781849024114,0.113371022816895,0,0,0.034847128158991,0,0,0
"spot_579",0,0.969221140246202,0.0172827045884437,0.00776124372839149,0,0,0,0,0.00573491143696286
"spot_580",0,0,0.751798842216044,0,0,0.248201157783956,0,0,0
"spot_581",0,0,0.192540921489819,0,0.722096854164979,0,0,0,0.0853622243452021
"spot_582",0,0.00406259227026584,0.0181274038976173,0.198786807342267,0.697046569932468,0,0.0103269707236612,0,0.0716496558337205
"spot_583",0,0.0326943942859074,0.290315496895271,0.0586596950063846,0,0.0180539868710618,0,0,0.600276426941376
"spot_584",0,0,0.0248324730796084,0.0146896074736475,0.686511256299145,0,0.0609689478378111,0,0.212997715309788
"spot_585",0,0.988178612067406,0.011821387932594,0,0,0,0,0,0
"spot_586",0,0.024115619467445,0.0100317892097427,0.0228251383614342,0.920889283794917,0,0.0087381137613184,0,0.0134000554051421
"spot_587",0,0.907777162122402,0.0186785079840183,0.0735443298935795,0,0,0,0,0
"spot_588",0,0.960841528658828,0.0201447127336767,0,0,0,0.0190137586074952,0,0
"spot_589",0,0.951350429895427,0.0486495701045728,0,0,0,0,0,0
"spot_590",0,1,0,0,0,0,0,0,0
"spot_591",0,0.865340012204886,0,0.0127167400398208,0.116014459114666,0,0,0,0.0059287886406279
"spot_592",0,0,1,0,0,0,0,0,0
"spot_593",0,0.727113754820552,0.0208541922000093,0.0954071882407523,0.0815639051910211,0,0.0665750861989242,0,0.00848587334874064
"spot_594",0,0,0.946267824848057,0,0,0.0537321751519427,0,0,0
"spot_595",0,0.00579042676819946,0.737310763478356,0,0,0.256898809753444,0,0,0
"spot_596",0,0.397482372851358,0,0.0421409430236881,0.00364655599699078,0,0.429116407248842,0,0.127613720879121
"spot_597",0,0.964508612476818,0.0185086172736376,0,0,0,0.0169827702495438,0,0
"spot_598",0,0.740971152288997,0.0177529424776989,0.133071568943509,0.0343200079582888,0,0.0576586406941104,0,0.0162256876373962
"spot_599",0,0.439390485113155,0.53785243746873,0,0,0.0227570774181142,0,0,0
"spot_600",0,0.933583201447434,0.0664167985525667,0,0,0,0,0,0
"spot_601",0,0.00700755071590678,0.0995320787761063,0,0,0.850285438876229,0.0246008860098688,0,0.018574045621889
"spot_602",0,0.00826209801060936,0.0813262596325495,0,0,0.735371528883198,0.140078498293495,0,0.0349616151801479
"spot_603",0,0,0.0627735250217714,0.00564659628815036,0.422060335447638,0,0.013970270087407,0,0.495549273155033
"spot_604",0,0.814516208635515,0.0250810779385438,0.0860797958104519,0.0131050005468555,0,0.0528858663192586,0,0.00833205074937453
"spot_605",0,0.922545554982904,0,0.014028107721223,0.0634263372958722,0,0,0,0
"spot_606",0,0,0.497995908091562,0,0,0.0710714613401097,0,0,0.430932630568328
"spot_607",0,0,0.818502660659277,0,0,0.0131301014573711,0,0,0.168367237883352
"spot_608",0,0.262859576093447,0.737140423906553,0,0,0,0,0,0
"spot_609",0,0.996153654998294,0,0,0,0,0,0,0.0038463450017057
"spot_610",0,0.87366603769751,0.0601966305403702,0,0,0,0,0,0.06613733176212
"spot_611",0,0.740470510086458,0.0166054734522183,0.101740230126864,0.0997116830103356,0,0.0291051614491845,0,0.0123669418749398
"spot_612",0,0,0.00431684820108212,0.0103639089838272,0.421578259513161,0,0.00937066927719851,0,0.554370314024732
"spot_613",0,0.982490782074761,0.0175092179252388,0,0,0,0,0,0
"spot_614",0,0.48908203863986,0.269427637581322,0.0523396711785133,0,0,0,0,0.189150652600305
"spot_615",0,0.79874063594085,0.0536224717164788,0.119067913082882,0,0,0,0,0.0285689792597885
"spot_616",0.641111146122387,0,0.0971374578096214,0,0.0200242738577535,0.00827145075834011,0,0,0.233455671451898
"spot_617",0,0.979890420406939,0.0158190677995144,0.00429051179354639,0,0,0,0,0
"spot_618",0,0.886985711544302,0.0176013182631424,0.0705239343483857,0,0,0.017826495095723,0,0.00706254074844617
"spot_619",0,0.433493066452464,0.451042038902244,0.115464894645292,0,0,0,0,0
"spot_620",0,0,0.128794161947117,0,0.704397428524196,0.0105814628295017,0,0,0.156226946699185
"spot_621",0,0.893566820412215,0.0217740588046571,0.0751857956382355,0,0,0,0,0.00947332514489196
"spot_622",0,0,0.217819264209638,0,0,0.0184599343913223,0,0,0.76372080139904
"spot_623",0,0,0.597298171239979,0,0,0.377152844711847,0,0,0.0255489840481744
"spot_624",0,0.515718834211818,0.121837389665653,0.00921940368112964,0.265212136689639,0,0,0,0.0880122357517607
"spot_625",0,0.986422697362718,0.0135773026372813,0,0,0,0,0,0
"spot_626",0,0,0.00348414676567233,0.088101232655961,0.0215206315762192,0,0,0.0523686540426462,0.834525334959501
"spot_627",0,0,0.0120892293807717,0,0,0.0116515244099018,0,0.083461557881657,0.89279768832767
"spot_628",0,0,0,0,0.689015467848415,0,0,0,0.310984532151585
"spot_629",0.0232266326782013,0,0.0169997003866775,0,0,0.013888916491493,0,0.0425367281886757,0.903348022254952
"spot_630",0,0.00393169187175079,0.582649069297625,0.0578797028308561,0.18850337122492,0.0501529104749036,0,0,0.116883254299945
"spot_631",0,0.977940723570327,0.0167570951480894,0.00530218128158394,0,0,0,0,0
"spot_633",0,0.00698339249233736,0.425786550154159,0,0,0.567230057353504,0,0,0
"spot_634",0,0,0.0036366813027405,0,0.11533314850849,0.508686055516481,0.243851124278205,0,0.128492990394084
"spot_635",0,0.856705298476687,0.104269885031361,0,0,0,0.0390248164919516,0,0
"spot_636",0,0.0148736466907578,0.589405425561743,0.00198933604537048,0,0.330666038089853,0,0,0.0630655536122758
"spot_637",0,0,0.588188678837614,0,0,0.411811321162386,0,0,0
"spot_638",0,0.884755526427671,0.0210070300252843,0.0673255961548976,0,0,0.0193289538750277,0,0.00758289351711945
"spot_639",0,0.0451150585255157,0.936180986367297,0,0,0.0187039551071878,0,0,0
"spot_640",0,0.879138706652788,0.0178086458658191,0.0792696271628616,0,0,0.0174660394993683,0,0.00631698081916283
"spot_641",0,0.861084168742021,0.0188142617402127,0,0.00326650136561635,0,0.0157262764962521,0,0.101108791655898
"spot_642",0,0.867806961807629,0.0214787523335034,0,0.0735660709619469,0,0.0309909960865457,0,0.00615721881037462
"spot_643",0,0,0.608636918650639,0,0,0.391363081349361,0,0,0
"spot_644",0,0.0214292032219853,0.408552613966171,0.00395456629693186,0.0623125367038842,0,0.238758402681879,0,0.264992677129148
"spot_645",0,0.981073316054892,0.0189266839451075,0,0,0,0,0,0
"spot_646",0,0.00454262697305089,0.841011109997403,0,0,0.0445546189967771,0,0,0.109891644032769
"spot_647",0,0.960499226006718,0.0176770112383404,0.00546558895406354,0,0,0.016358173800878,0,0
"spot_648",0,0,0.930366264324028,0,0,0.0696337356759724,0,0,0
"spot_649",0,0,0.877784975964937,0,0.0457020280053182,0.0765129960297453,0,0,0
"spot_650",0,0.979174223530916,0.0208257764690841,0,0,0,0,0,0
"spot_651",0,0.88619802319808,0.11380197680192,0,0,0,0,0,0
"spot_652",0,0.975114491369274,0.0191574014903225,0,0,0,0,0,0.00572810714040351
"spot_653",0,0.972929546521602,0.0270704534783975,0,0,0,0,0,0
"spot_654",0,0.942476952544259,0.057523047455741,0,0,0,0,0,0
"spot_655",0,0.00466662392183985,0.922619095536574,0,0,0.0727142805415863,0,0,0
"spot_656",0.0178654779567468,0,0.0061101396830024,0,0.40145659194048,0,0,0.0506851503767099,0.523882640043061
"spot_657",0,0,0,0,0.676952350004546,0,0,0.0315508493439036,0.291496800651551
"spot_658",0,0,0,0.0119761861411738,0.720752741539299,0,0,0,0.267271072319527
"spot_659",0,0,0.800674996888696,0,0,0.0582264252541798,0,0,0.141098577857124
"spot_660",0,0.973523379010085,0,0,0.00670833220569622,0,0,0,0.0197682887842193
"spot_661",0,0,0.663138056600204,0,0.0764844454778693,0.260377497921927,0,0,0
"spot_662",0,0.0151552491620338,0.00342815273725304,0,0,0.686768998960696,0.261802093791202,0,0.0328455053488157
"spot_663",0,0.402344456963677,0.0151488215888876,0.0866462071298264,0,0.391515804993532,0.0770198578120773,0,0.0273248515120004
"spot_664",0,0.933974808876989,0.0165951965750289,0,0,0,0.0494299945479814,0,0
"spot_665",0,0,0.999999999999999,0,0,0,0,0,0
"spot_666",0,0.925717733373318,0.0137468774704576,0.00421947274984338,0,0,0.00645543547997915,0,0.049860480926402
"spot_667",0,0.00398269633521284,0.984036406681993,0,0,0.0119808969827936,0,0,0
"spot_668",0,0,0.0265551532881856,0,0.973444846711815,0,0,0,0
"spot_669",0,0.97432423793384,0.0199468511690442,0.00572891089711624,0,0,0,0,0
"spot_670",0,0.119404209196123,0.780205613225682,0.0807730603805027,0,0.019617117197692,0,0,0
"spot_671",0,0,0,0.0147892014844496,0.664546028002902,0,0,0,0.320664770512648
"spot_672",0,0.968282711870329,0.0317172881296716,0,0,0,0,0,0
"spot_673",0,0.0385479576641652,0.0236690231187022,0,0.937783019217133,0,0,0,0
"spot_674",0,0.190596783111064,0.381378706401762,0,0.00290389367856691,0,0.0120983540208231,0,0.413022262787785
"spot_675",0,0.981852520079451,0.0181474799205486,0,0,0,0,0,0
"spot_676",0,0,0.73073142446781,0,0.00582965547327208,0.263438920058917,0,0,0
"spot_677",0,0.00878551042021466,0.853191470776287,0,0,0,0.0592417358845913,0,0.078781282918907
"spot_678",0,0.94869970354432,0.0513002964556797,0,0,0,0,0,0
"spot_679",0,0.0168729291786326,0,0.0356218949544657,0.872769016029347,0,0.036046327051575,0,0.03868983278598
"spot_680",0,0.852969002962926,0.0179529836802793,0.0921583224465254,0.0105077030770681,0,0.0190232465637708,0,0.00738874126943062
"spot_681",0,0.0363285348419314,0.173300856061214,0.0597867527363599,0.00581363192787601,0.0103926521955215,0,0,0.714377572237097
"spot_682",0,0.00494895935636848,0,0.0161276621244043,0.978923378519228,0,0,0,0
"spot_683",0,0,0.132181875482813,0,0.841649552817198,0,0,0,0.0261685716999886
"spot_684",0,0.984402410935719,0.0155975890642813,0,0,0,0,0,0
"spot_685",0,0.913520149446975,0.0864798505530246,0,0,0,0,0,0
"spot_686",0,0,0,0.00498966537335856,0.183580036664633,0,0,0.0213524134975547,0.790077884464454
"spot_687",0,0.00783454434938255,0.720882196274908,0,0,0.27128325937571,0,0,0
"spot_688",0,0.965351796316176,0.0346482036838242,0,0,0,0,0,0
"spot_689",0,0.395576486783771,0.348840304974766,0,0.134687358952172,0.120895849289291,0,0,0
"spot_690",0,0.236064211962267,0.100518125298634,0.249350695107351,0.23567638074881,0.0337409179845525,0.136238336912687,0,0.00841133198569852
"spot_691",0,0.337951135114029,0.593641663080776,0,0.0052364940842242,0.01242917441139,0,0,0.0507415333095805
"spot_692",0,0.63293774135926,0.022219536290981,0,0,0,0.344842722349759,0,0
"spot_693",0,0.98365729061792,0.0163427093820805,0,0,0,0,0,0
"spot_694",0,0.984962919174273,0.0150370808257273,0,0,0,0,0,0
"spot_695",0,0.00421419270741318,0.961437063742272,0,0,0,0,0,0.0343487435503152
"spot_696",0,0.682919193504756,0.00647989133858933,0.0445522538494951,0.119633065564398,0,0.130340632432044,0,0.0160749633107175
"spot_697",0,0.889082385354465,0.0273898677216235,0.00733499762834859,0.00307277993852462,0,0.0416977076960091,0,0.0314222616610295
"spot_698",0,0.818335463544911,0.0213010248308916,0.105432232416376,0,0,0.0485048546736428,0,0.00642642453417812
"spot_699",0,0.0182306897424273,0.568240389985069,0.0783157679474973,0.00537120818095797,0.238859273089097,0,0,0.0909826710549517
"spot_700",0,0.976819204271789,0.0190622299369818,0.0041185657912287,0,0,0,0,0
"spot_701",0,0.925121955429011,0.0748780445709892,0,0,0,0,0,0
"spot_702",0,0.899452923880311,0.100547076119689,0,0,0,0,0,0
"spot_703",0,0.955428775934798,0.0202372893610928,0,0,0,0.0243339347041085,0,0
"spot_704",0,0.966575353889665,0.033424646110336,0,0,0,0,0,0
"spot_705",0,0.927846665709867,0.0148774545916093,0,0.0572758796985238,0,0,0,0
"spot_706",0,0.996625722057485,0,0,0,0,0,0,0.00337427794251495
"spot_707",0,0.836210777372525,0.0188980710377935,0.0762576548890808,0.0133689084081315,0,0.0456478127190601,0,0.00961677557340926
"spot_708",0,0,0.646232947422821,0,0,0.353767052577178,0,0,0
"spot_709",0.106467044801287,0,0.254084886851103,0,0,0.0368739960044615,0,0,0.602574072343149
"spot_710",0,0.701392208229328,0.0198839820304208,0.0672507621719081,0.0909482384441571,0,0.0984086999828412,0,0.0221161091413448
"spot_711",0,0.953573262327922,0.0241441560219515,0,0,0,0.0222825816501263,0,0
"spot_712",0,0.151602542863206,0.371168047110631,0,0,0.477229410026162,0,0,0
"spot_713",0,0.97847961591664,0.02152038408336,0,0,0,0,0,0
"spot_714",0,0.478459066471336,0.521540933528663,0,0,0,0,0,0
"spot_715",0,0.115487897616461,0.261605211733191,0.121290296667948,0.466741310727256,0,0.0348752832551432,0,0
"spot_716",0,0,0.356070100333757,0,0,0.0128154630989249,0,0,0.631114436567318
"spot_717",0,0,0.0562023187389516,0.00775089937073607,0.746916927565735,0,0,0,0.189129854324577
"spot_718",0,0,0.547839577268237,0,0,0.0274715317481609,0,0,0.424688890983602
"spot_719",0,0.511679959924347,0.397536534176316,0,0.00320171859715621,0.0337124229197082,0,0,0.0538693643824726
"spot_720",0,0.00195511551386378,0.226726128560389,0,0.745946044957053,0,0,0,0.0253727109686944
"spot_721",0,0.75625034906996,0.0493309913422121,0.146513470138562,0,0,0.0421895656027058,0,0.0057156238465608
"spot_722",0,0.430329398600622,0.360607314444355,0,0,0.209063286955023,0,0,0
"spot_723",0,0.987238909471535,0.0127610905284647,0,0,0,0,0,0
"spot_724",0,0.766543279153862,0.0229485205518684,0.00729404413433469,0.203214156159935,0,0,0,0
"spot_725",0,0.00482153802736088,0.886530571706266,0,0,0.00133594370530871,0,0,0.107311946561065
"spot_726",0,0,0.895929418552469,0,0,0.0328764211742404,0,0,0.0711941602732908
"spot_727",0,0.784954827692655,0.0406121284221346,0.103069444704281,0,0,0.0619346676642057,0,0.00942893151672318
"spot_728",0,0.0668722828209707,0.0468639000996952,0,0,0.0113968050035488,0.0101350963333311,0,0.864731915742454
"spot_729",0,0,0,0,0.881244451833933,0,0,0,0.118755548166067
"spot_730",0,0,0,0.0162685919430161,0.58221444589841,0,0.0120566608208003,0,0.389460301337773
"spot_731",0,0.969627580207362,0.0252234986911726,0,0,0,0,0,0.005148921101466
"spot_732",0,0.99658380891342,0,0,0,0,0,0,0.00341619108657966
"spot_733",0,0.492616373607905,0.183942810136708,0,0,0.323440816255387,0,0,0
"spot_734",0,0.789141958739377,0.0444444298147339,0.00818525069759106,0.071731452196679,0,0.0793772130434431,0,0.00711969550817584
"spot_735",0,0.811696558632092,0.0179743093405359,0.0683765750694105,0.027698363532977,0,0.0645138517446686,0,0.00974034168031629
"spot_736",0.426822619086827,0,0.0388051810720216,0,0,0.0103086997124156,0,0,0.524063500128736
"spot_737",0,0,0.383812667941733,0,0,0.0662385121623908,0,0,0.549948819895876
"spot_738",0,0.852396253762581,0.0166513002039373,0.0895356443830205,0.0137499173670545,0,0.0215054161875676,0,0.00616146809583897
"spot_739",0,0.956360649187819,0.0436393508121808,0,0,0,0,0,0
"spot_740",0,0.868736437744961,0.0342753446985665,0.0969882175564732,0,0,0,0,0
"spot_741",0,0.00402529796249022,0.758068708143771,0,0,0.237905993893739,0,0,0
"spot_742",0,0,0.614229294537349,0,0,0.385770705462651,0,0,0
"spot_743",0,0,0.625871162344666,0,0,0.374128837655334,0,0,0
"spot_744",0,0.593577185111928,0.0198751199830239,0.126106616264861,0.164024482549772,0,0.0594223183318545,0,0.0369942777585613
"spot_745",0,0.817620853954217,0.0189083659719598,0.0848678739343289,0,0,0.0608081985063951,0,0.0177947076330989
"spot_746",0,0.964886528165568,0.0158984221740444,0,0,0,0.0192150496603872,0,0
"spot_747",0,0.385103096068406,0.397444366928184,0.159068703398131,0,0,0.0218101471903144,0,0.0365736864149648
"spot_748",0,0.00434279024872234,0.889868781514784,0,0,0.105788428236493,0,0,0
"spot_749",0,0.879339916952191,0,0,0,0,0,0,0.120660083047808
"spot_750",0.0454899378900959,0,0.0942791754754814,0,0.860230886634423,0,0,0,0
"spot_751",0,0,0.40078065107342,0,0.59921934892658,0,0,0,0
"spot_752",0,0,0.552639097431566,0,0,0.447360902568434,0,0,0
"spot_753",0,0,0.714176593934864,0,0,0.24255281635408,0,0,0.0432705897110558
"spot_754",0,0,0.792922432290699,0,0,0.207077567709301,0,0,0
"spot_755",0,0.673356335568068,0.326643664431932,0,0,0,0,0,0
"spot_756",0,0.832706346262051,0.01678689955355,0.00652398192238451,0,0,0.0662055138060146,0,0.0777772584560003
"spot_757",0,0.882975685440934,0.0167788085554066,0.0943592087673197,0,0,0,0,0.00588629723633935
"spot_758",0.110729713402638,0,0,0.00770910359413556,0.648026871913521,0,0,0,0.233534311089705
"spot_759",0,0.527182761625697,0.0534856191489824,0.129164141134336,0.201143697997556,0,0.0729149906107926,0,0.0161087894826368
"spot_760",0,0.776922859976237,0.0168985135284415,0.114836106158767,0.0343494163331882,0.00806255861215114,0.0410078191811778,0,0.00792272621003711
"spot_761",0,0,0.755729003148672,0,0,0.244270996851328,0,0,0
"spot_762",0,0.980219974700334,0.0145147244521806,0.0052653008474858,0,0,0,0,0
"spot_763",0,0.00293378947411152,0.838317384911227,0,0,0.158748825614661,0,0,0
"spot_764",0,0.987008966642752,0.0129910333572473,0,0,0,0,0,0
"spot_765",0,0.570755995710443,0.0304637892467565,0.14293929677122,0.159076956467923,0,0.0722125513315697,0,0.0245514104720879
"spot_766",0,0.290114367905028,0,0.540154177241446,0.00573009134775474,0,0.0376189272393163,0,0.126382436266455
"spot_767",0,0.72246610917019,0.0143189197580114,0,0,0,0.263214971071799,0,0
"spot_768",0,0,0.922508682231096,0,0.00590250821247429,0.0715888095564295,0,0,0
"spot_769",0,0.0573498348092255,0.47425251913869,0.139313218841527,0.224994033223574,0,0,0,0.104090393986983
"spot_770",0,0.186847591562674,0.199125079007138,0.0150240004955599,0.396424841148742,0,0,0,0.202578487785885
"spot_771",0,0.975910925075744,0.0175602439311395,0.00652883099311653,0,0,0,0,0
"spot_772",0,0.983037572524728,0.016962427475272,0,0,0,0,0,0
"spot_773",0.080765950454834,0,0.0589858957912479,0,0,0.0419849156659673,0,0,0.818263238087951
"spot_774",0,0,1,0,0,0,0,0,0
"spot_775",0,0.827851626630032,0.0218564639613132,0.101436784668366,0,0,0.041746475740896,0,0.00710864899939296
"spot_776",0,0.726895757202818,0.0382769433040939,0.0922366845027208,0,0,0.0467790309876406,0,0.0958115840027266
"spot_777",0,0.93455259325188,0.0183546929607299,0.00771910215113509,0.0113693581616743,0,0.0180223398893803,0,0.00998191358520101
"spot_778",0,0.987278187450949,0.000900126693177627,0,0.00494021490202514,0,0,0,0.00688147095384756
"spot_779",0,0.887911737745188,0.0236673829689404,0.0127970188444812,0.0561457812920977,0,0.0194780791492929,0,0
"spot_780",0,0.952143929958349,0.0478560700416513,0,0,0,0,0,0
"spot_781",0.338431283954902,0,0.0124636954188893,0,0,0.0115598312103872,0,0,0.637545189415821
"spot_782",0,0,1,0,0,0,0,0,0
"spot_783",0,0.848382503813065,0.0188745643776498,0.0691019449377899,0,0,0.0549347795383656,0,0.00870620733312852
"spot_784",0,0.891632354104129,0.0728536287081736,0,0,0,0.0355140171876971,0,0
"spot_785",0,0,0.509794381934048,0,0,0.490205618065952,0,0,0
"spot_786",0,0,0.666171323280355,0,0,0.333828676719645,0,0,0
"spot_787",0,0.972126335675708,0.0278736643242918,0,0,0,0,0,0
"spot_788",0,0.222814595491639,0.00665520010222478,0.270829066733773,0.0512251633763153,0,0.1626472854425,0,0.285828688853548
"spot_789",0,0,0.840859388545308,0,0,0.159140611454692,0,0,0
"spot_790",0,0,0.0411536822898343,0.0150284169083349,0.923124286391062,0,0,0,0.0206936144107689
"spot_791",0,0,0.683402713617102,0,0,0.316597286382899,0,0,0
"spot_792",0,0,0.918911710945926,0,0,0.0810882890540745,0,0,0
"spot_793",0,0.984687738724427,0.0153122612755736,0,0,0,0,0,0
"spot_794",0,0,0.0173358568458669,0,0.197511723681674,0.00493703620450615,0,0,0.780215383267953
"spot_795",0,0.00134577213617174,0.177053768128786,0.0113430367095237,0.798701374462857,0,0,0,0.011556048562662
"spot_796",0,0.881543814122567,0.0198325377713329,0.00811032620604724,0.010802539106425,0,0.0676711107701808,0,0.0120396720234469
"spot_797",0,0,0,0.0133962611247587,0.646863117202333,0,0.21720143001117,0,0.122539191661738
"spot_798",0,0.0352476868680695,0.00505131688538805,0.153091585712128,0.00554291019616559,0.0378384819435973,0.753797080392061,0,0.00943093800259042
"spot_799",0,0.999200551863259,0.000799448136740487,0,0,0,0,0,0
"spot_800",0,0.583888597175931,0.264288937148401,0,0,0.151822465675669,0,0,0
"spot_801",0,0,0.983739103389797,0,0.00485464186488674,0.0114062547453165,0,0,0
"spot_802",0,0.791772364102786,0.028165017046223,0.141765607486849,0.0297805864658052,0,0,0,0.00851642489833727
"spot_803",0,0.891490452266073,0.108509547733927,0,0,0,0,0,0
"spot_804",0,0,0.804283355183086,0,0,0.195716644816914,0,0,0
"spot_805",0,0.0117603682993903,0.733031816359387,0,0,0.255207815341222,0,0,0
"spot_806",0,0.749700084084026,0.0201203804893398,0.113396265929378,0.0928366270813177,0,0.0166352960892411,0,0.00731134632669775
"spot_807",0,0.00314452046208272,0.978713749910876,0,0,0.0181417296270418,0,0,0
"spot_808",0,0.882659763994764,0.0211128019667914,0.0780357638139497,0,0,0.0181916702244942,0,0
"spot_809",0,0,0.949822420729182,0,0,0.0273721380000079,0,0,0.0228054412708098
"spot_810",0,0.976675870296644,0,0,0.0179500849678218,0,0,0,0.00537404473553431
"spot_811",0,0,0.852330225853613,0,0,0.147669774146387,0,0,0
"spot_812",0,0.977721339622183,0.0222786603778166,0,0,0,0,0,0
"spot_813",0,0.938371898516692,0.034788489817616,0,0,0,0.0268396116656918,0,0
"spot_814",0,0,0.595092385302282,0,0,0.234947719651607,0,0,0.16995989504611
"spot_815",0,0.0187748992423168,0,0.0245233451211734,0.763487949022692,0,0,0,0.193213806613818
"spot_816",0,0.946681002689668,0.0533189973103315,0,0,0,0,0,0
"spot_817",0,0,0.557810996868467,0,0,0.442189003131533,0,0,0
"spot_818",0,0.723057656401199,0.14290816755158,0,0,0.134034176047222,0,0,0
"spot_819",0,0,1,0,0,0,0,0,0
"spot_820",0,0.00416141767191034,0.810527572893759,0,0.0731859652175224,0.112125044216808,0,0,0
"spot_821",0,0.833238506807655,0.0230441015494949,0,0.00356720188958981,0,0.00716164248118131,0,0.132988547272079
"spot_822",0,0.98103093469664,0.0189690653033607,0,0,0,0,0,0
"spot_823",0,0.968439318787319,0.0184080651178415,0.00738401465278735,0,0,0,0,0.00576860144205238
"spot_824",0,0.98294199241882,0.0170580075811795,0,0,0,0,0,0
"spot_825",0,0.445462556837736,0.113747017414462,0.178081310188851,0.215882089971989,0.0154068451343392,0.0228874034161778,0,0.00853277703644526
"spot_826",0,0.00907406876237133,0.953140739063189,0,0.00720346240070269,0.0207741930776683,0.00980753669606882,0,0
"spot_827",0,1,0,0,0,0,0,0,0
"spot_828",0,0.0729327911472549,0.00182930930835325,0.0813104928715602,0.00297897006257285,0.0325674921037714,0.793129934964921,0,0.0152510095415664
"spot_829",0.266249381167987,0,0.399642233849862,0.108607978460087,0.021779134614676,0,0,0,0.203721271907388
"spot_830",0,0.0195287110585744,0.693922347573412,0,0.0091716513286231,0.277377290039391,0,0,0
"spot_831",0,0,0.972245513705434,0,0,0.0277544862945659,0,0,0
"spot_832",0,0.944013291587411,0.0559867084125892,0,0,0,0,0,0
"spot_833",0,0.886330796771121,0.0199373017179437,0.0681908170772993,0,0,0.016887639700581,0,0.00865344473305521
"spot_834",0,0.146747921709733,0,0.026188389615232,0.794209367409504,0,0.0171261489175015,0,0.0157281723480295
"spot_835",0,0,1,0,0,0,0,0,0
"spot_836",0,0.717556267872452,0.0245024603339767,0.108332082851833,0.119512429300928,0,0.0198257848132879,0,0.0102709748275229
"spot_837",0,0,0.0498438530060892,0,0.780092707492588,0,0,0,0.170063439501324
"spot_838",0,0,0,0.00832214189425257,0.724622915181021,0,0,0,0.267054942924727
"spot_839",0,0.822093594120945,0.0619940003029659,0.0879610941905178,0,0,0.0279513113855716,0,0
"spot_840",0,0.320011796115762,0.410968960122366,0,0,0.20844707319353,0,0,0.0605721705683415
"spot_841",0,0.0126394982376753,0,0.0154348739505494,0.971925627811776,0,0,0,0
"spot_842",0,0.854585397716468,0.0354567924790556,0.0429569416081851,0,0,0.0577612799944256,0,0.0092395882018654
"spot_843",0,0.818135909131977,0.0204895498986528,0.107175971857593,0,0,0.0431437087190002,0,0.0110548603927765
"spot_844",0,0.00417397365151606,0.594407613729484,0,0,0.401418412619,0,0,0
"spot_845",0,0.0414741665085086,0.208960444699401,0.0308900383835329,0.500497920968823,0,0.00953586846733419,0,0.208641560972401
"spot_846",0,0,1,0,0,0,0,0,0
"spot_847",0,0.863478711894892,0.0873026575981461,0,0.0492186305069615,0,0,0,0
"spot_848",0,0,0.99308851457327,0,0,0.00691148542673012,0,0,0
"spot_849",0,0,0.767968892202541,0,0,0.232031107797458,0,0,0
"spot_850",0.0821931525145745,0,0.0565684289908261,0,0.0371457524575898,0.0113615566707847,0,0,0.812731109366225
"spot_851",0,0,0.999999999999999,0,0,0,0,0,0
"spot_852",0,0,0.144940005705265,0.0168588722140842,0.552452290290627,0,0,0,0.285748831790023
"spot_853",0,0.741855588244875,0.0359000917095632,0.133711099371841,0,0.0278294302984037,0.0505879140727436,0,0.0101158763025739
"spot_854",0,0.399318633418131,0.171975727820746,0,0,0.428705638761123,0,0,0
"spot_855",0,0.00957209700432612,0.767452935158987,0.0129098474486751,0.0122924680550027,0,0,0,0.197772652333009
"spot_856",0,0.00454548201561976,0.628579117796501,0,0.366875400187879,0,0,0,0
"spot_857",0,0.996487087748587,0,0,0,0,0,0,0.0035129122514124
"spot_858",0,0.0442990413634445,0,0.068522119064133,0.0161675305530888,0.0411172551954962,0.796489574609301,0,0.033404479214537
"spot_859",0,0.014777432362778,0,0.0505912899054094,0.0237834723546294,0.045661360178645,0.822709686229419,0,0.0424767589691189
"spot_860",0.532032614813583,0,0.000982780271119076,0,0.058654146523284,0,0,0,0.408330458392014
"spot_861",0,0.869253990840013,0.01893054276278,0.0885492190038072,0,0,0.0163698594345361,0,0.00689638795886373
"spot_862",0,0.85098462658448,0.0260556463316358,0.0888092477273508,0.0341504793565333,0,0,0,0
"spot_863",0,0.986454909800657,0.0135450901993428,0,0,0,0,0,0
"spot_864",0,0.273403320476043,0.124635565037655,0.130880612800871,0,0,0.364412564550253,0,0.106667937135178
"spot_865",0,0.959480380778244,0.0345218280229763,0.0059977911987793,0,0,0,0,0
"spot_866",0,0.84344759852351,0.088184407434197,0,0.035255968791672,0,0.0331120252506211,0,0
"spot_867",0,0.749271755748656,0,0,0,0,0.183692415189232,0,0.0670358290621125
"spot_868",0,0.864737481094547,0.039485200358692,0.0957773185467609,0,0,0,0,0
"spot_869",0,0.937713283262639,0,0,0,0,0,0,0.0622867167373612
"spot_870",0,0.74127556683495,0.0159979173825349,0.0826713103812039,0.108476987753503,0,0.0340344249399442,0,0.017543792707864
"spot_871",0,0.919973378243008,0.00291422379961781,0,0.0619972456032376,0,0,0,0.0151151523541367
"spot_872",0,0,0.792016317380493,0,0.0894870917899196,0.118496590829588,0,0,0
"spot_873",0.14783089280017,0,0.767258388318972,0,0.0252783889400487,0.0596323299408093,0,0,0
"spot_874",0,0.303167812816307,0.154155719771082,0.134298287780637,0.0101131082509731,0,0.0210494152880929,0,0.377215656092908
"spot_875",0,0.860847895260725,0.0225058191128837,0.0784166523799177,0,0,0.0317118745486585,0,0.00651775869781427
"spot_876",0.0747785385154012,0,0.0156382065699537,0,0.747162341515133,0,0,0,0.162420913399511
"spot_877",0,0.921139436225725,0.078860563774274,0,0,0,0,0,0
"spot_878",0,0.855113981058338,0.144886018941662,0,0,0,0,0,0
"spot_879",0,0.977500571817491,0.0159227954138034,0.00657663276870627,0,0,0,0,0
"spot_880",0,0.0894713422522437,0.0229707486741928,0.0264488815367629,0.539625269699563,0,0.0988986794215381,0,0.222585078415699
"spot_881",0,0.976742056503532,0.0232579434964675,0,0,0,0,0,0
"spot_882",0,1,0,0,0,0,0,0,0
"spot_883",0,0.932491893228421,0,0,0.0675081067715788,0,0,0,0
"spot_884",0,0,0.762323795552358,0,0,0.237676204447643,0,0,0
"spot_885",0,0,0.720839353321585,0,0,0.124884178137262,0,0,0.154276468541152
"spot_886",0,0.692078210069342,0.265500517985921,0,0,0,0,0,0.0424212719447369
"spot_887",0,0.884321579557029,0.0164570205611973,0.0823084939615657,0,0,0.0169129059202078,0,0
"spot_888",0,0,0,0,0.442221201563502,0,0.00578979406640082,0,0.551989004370097
"spot_889",0,0.0158500355292008,0,0.0631163341889751,0,0.0679870926796564,0.757861445071135,0,0.0951850925310325
"spot_890",0,0.708081291574837,0.0510185798085205,0,0,0,0.223799686189522,0,0.0171004424271208
"spot_891",0,0.926101689311207,0.021009585774684,0,0,0.0528887249141095,0,0,0
"spot_892",0,0,0.697015613800737,0,0,0.302984386199263,0,0,0
"spot_893",0,0.959416259974143,0.0150816128583722,0.00681603706970678,0,0,0.0186860900977775,0,0
"spot_894",0,0.790430651012934,0.017677969859491,0.0854682567575562,0.0384626394206207,0,0.0542977507089723,0,0.0136627322404261
"spot_895",0,0.886088936676004,0.054265247195544,0,0,0,0.0596458161284517,0,0
"spot_896",0,0.986408519483621,0.0135914805163781,0,0,0,0,0,0
"spot_897",0,0.987783684502799,0.0122163154972009,0,0,0,0,0,0
"spot_898",0,0.807366100426628,0.0210946659380668,0.0951048558638688,0,0.0158224055871754,0.0502185256518744,0,0.0103934465323864
"spot_899",0,0.839513148823025,0.0904537327309146,0.0700331184460607,0,0,0,0,0
"spot_900",0.177099981378686,0,0.487981842609793,0,0,0.334918176011522,0,0,0
"spot_901",0,0.0064370300380088,0.896613470320707,0,0,0.057448847143267,0,0,0.0395006524980171
"spot_902",0,0,0.783467746932445,0,0,0.216532253067555,0,0,0
"spot_903",0,0,0.661461928005599,0,0,0.338538071994401,0,0,0
"spot_904",0,0.8958326660405,0.0240379814729043,0.0739299222454767,0,0,0,0,0.00619943024111914
"spot_905",0,0,0.0570476105600683,0.0108480370211011,0.799444078318851,0,0,0,0.132660274099979
"spot_906",0,0,0.0290248114359962,0.0159815098632606,0.954993678700743,0,0,0,0
"spot_907",0,0.85239217904104,0.0688311051350574,0.010376361045033,0.0398252742629536,0,0,0,0.0285750805159162
"spot_908",0,0,0.15244618739666,0,0.830377352944942,0,0,0,0.017176459658399
"spot_909",0,0.778780103694586,0.0231331849242857,0.120501381451955,0.0706072623971951,0,0,0,0.00697806753197799
"spot_910",0,0.770387921778237,0.125220629504793,0.0049305914382735,0.0994608572786971,0,0,0,0
"spot_911",0,0,0.613984275034986,0,0,0.386015724965014,0,0,0
"spot_912",0,0.891828871851456,0,0.0201829888944859,0.0879881392540587,0,0,0,0
"spot_913",0,0.955557862343783,0.0165949235682069,0.00682899279790723,0,0,0.0159604707412261,0,0.00505775054887634
"spot_914",0,0.842887620309986,0.0400103046711367,0.11105375855632,0,0,0,0,0.00604831646255786
"spot_915",0,0.141393825364322,0.698943036389214,0,0.159663138246463,0,0,0,0
"spot_916",0,0.0194198017012469,0.608948992684685,0.0634788918439669,0,0.308152313770101,0,0,0
"spot_917",0,0.00219407998301845,0.0174990641126783,0,0.455399737159579,0,0,0,0.524907118744724
"spot_918",0,0.0141913392756666,0,0.0146141433612132,0.676043309523764,0,0.295151207839356,0,0
"spot_919",0,0.0953093663123483,0,0.130281600344241,0.00561109570376931,0,0.760106958857486,0,0.00869097878215459
"spot_920",0,0,0.133958932564489,0,0.69405978718353,0.00731997882532313,0,0,0.164661301426659
"spot_921",0,0,0.971713848120198,0,0,0.0152027056266185,0,0,0.0130834462531829
"spot_922",0,0.0125310606201202,0,0.0178502510008552,0.858402603119386,0,0.0809820725406464,0,0.0302340127189927
"spot_923",0,0,0.976834783241596,0,0,0.023165216758404,0,0,0
"spot_924",0,0.812918742763913,0.187081257236087,0,0,0,0,0,0
"spot_925",0,0.00526186797255811,0.775560849425827,0,0,0.219177282601614,0,0,0
"spot_926",0,0.748935039666287,0.208651541200476,0,0,0.0424134191332364,0,0,0
"spot_927",0,0,0.594558862767277,0,0,0.405441137232723,0,0,0
"spot_928",0,0.436200370212456,0.015878635830887,0.152313834345541,0.312824270869633,0,0.0653869783598568,0,0.0173959103816261
"spot_929",0,0,0.631269109427345,0,0,0.368730890572655,0,0,0
"spot_930",0,0,0.604361899072201,0,0,0.395638100927799,0,0,0
"spot_931",0,0.291979853580908,0.342734325385893,0.115658406815492,0.203006323432611,0,0.038642868489651,0,0.00797822229544491
"spot_932",0,0,0.801793755262236,0,0,0.0107212517468612,0,0,0.187484992990903
"spot_933",0,0,0.491343701147132,0,0,0.0336903473833898,0,0,0.474965951469478
"spot_934",0.264870904652139,0,0,0,0.59764363823577,0,0,0,0.137485457112091
"spot_935",0,0.0308214861668204,0.000987702512249021,0.0149489189153785,0.808324218496929,0,0,0,0.144917673908624
"spot_936",0,0,0.0138074370450855,0,0.938346409588355,0,0,0,0.0478461533665593
"spot_937",0,0,0,0,0.333819288194159,0,0,0,0.666180711805841
"spot_938",0,0,0,0.0100886178537827,0.880006660442707,0,0,0,0.10990472170351
"spot_939",0,0,0.107589453900198,0,0.795511924116842,0,0,0,0.0968986219829605
"spot_940",0,0.952010987440777,0.0479890125592235,0,0,0,0,0,0
"spot_941",0,0.940327721072672,0.0172258018095352,0.00760657065476219,0.0258969778118702,0,0.00894292865116052,0,0
"spot_942",0,0.978675740419065,0.0213242595809352,0,0,0,0,0,0
"spot_943",0,0,0.0490414728426026,0,0,0.0321039326850733,0,0,0.918854594472324
"spot_944",0,0.957189927549856,0.0428100724501436,0,0,0,0,0,0
"spot_945",0,0.00327919776289551,0.960537287517339,0,0,0.0361835147197662,0,0,0
"spot_946",0,0.952642679578858,0.0473573204211414,0,0,0,0,0,0
"spot_947",0,0.974455025525647,0.0194597103006206,0.006085264173733,0,0,0,0,0
"spot_948",0,0,0.396285691227359,0,0,0.0388810127867922,0,0,0.564833295985849
"spot_949",0,0.0316069723651105,0.203467291336831,0,0.0953623924006524,0.0462807064086135,0.623282637488792,0,0
"spot_950",0,0.0420710124090986,0.409694010271257,0.0449027322437189,0,0.100764413722233,0.322150829448378,0,0.0804170019053148
"spot_951",0,0.969270030102131,0.0307299698978688,0,0,0,0,0,0
"spot_952",0,0.817763108620935,0.0211465037136242,0.100147051061313,0,0,0.0510963323661863,0,0.00984700423794169
"spot_953",0,0.622878375727474,0.322586601230436,0,0,0,0,0,0.0545350230420908
"spot_954",0,0.789660394584422,0.0236864884790068,0.104266508222485,0,0,0.0726716774523181,0,0.00971493126176783
"spot_955",0.435155977176064,0,0.482665553424281,0,0,0.00771966146077697,0,0,0.0744588079388781
"spot_956",0,0.824235057429727,0.0956220797936822,0.0801428627765909,0,0,0,0,0
"spot_957",0,0.00566845122722154,0.806582650678263,0,0,0.187748898094516,0,0,0
"spot_958",0,0.937849293420649,0.0165368080493532,0.00738650865967523,0,0,0.0274044038878223,0,0.0108229859825008
"spot_959",0,0.98930042421411,0.0106995757858891,0,0,0,0,0,0
"spot_960",0,0.813654291491575,0.0213825612044738,0.110687050726235,0,0,0.0466829086518196,0,0.00759318792589695
"spot_961",0,0.520540701793474,0.0190339950987463,0.0171137620686434,0.425682723599689,0,0.0176288174394475,0,0
